Protein FDR Confidence Combined,Master,Accession,Description,% Coverage,# Peptides,# PSMs,# Unique Peptides,MW in kDa,Gene Symbol,t=24 WT YAP; Abundance 1242701,t=24 Y2 YAP; Abundance 1242702,,,,,,,,,,,,,,,,,,,,,,,,,,,,,,,,,,,,,,
High,Master Protein,P13645,"Keratin, type I cytoskeletal 10 OS=Homo sapiens OX=9606 GN=KRT10 PE=1 SV=6",51,31,121,25,58.8,KRT10,8.28E+07,6.24E+07,,,,,,,,,,,,,,,,,,,,,,,,,,,,,,,,,,,,,,
High,Master Protein,P04264,"Keratin, type II cytoskeletal 1 OS=Homo sapiens OX=9606 GN=KRT1 PE=1 SV=6",53,39,136,34,66,KRT1,8.00E+07,8.84E+07,,,,,,,,,,,,,,,,,,,,,,,,,,,,,,,,,,,,,,
High,Master Protein,P35908,"Keratin, type II cytoskeletal 2 epidermal OS=Homo sapiens OX=9606 GN=KRT2 PE=1 SV=2",68,39,121,30,65.4,KRT2,5.38E+07,2.87E+07,,,,,,,,,,,,,,,,,,,,,,,,,,,,,,,,,,,,,,
High,Master Protein,P04908,Histone H2A type 1-B/E OS=Homo sapiens OX=9606 GN=H2AC4 PE=1 SV=2,32,4,42,2,14.1,H2AC4; H2AC8,5.18E+07,3.66E+07,,,,,,,,,,,,,,,,,,,,,,,,,,,,,,,,,,,,,,
High,Master Protein,P0DOX5,Immunoglobulin gamma-1 heavy chain OS=Homo sapiens OX=9606 PE=1 SV=2,6,3,10,3,49.3,,2.38E+07,3.81E+07,,,,,,,,,,,,,,,,,,,,,,,,,,,,,,,,,,,,,,
High,Master Protein,P35527,"Keratin, type I cytoskeletal 9 OS=Homo sapiens OX=9606 GN=KRT9 PE=1 SV=3",38,18,55,17,62,KRT9,1.39E+07,2.07E+07,,,,,,,,,,,,,,,,,,,,,,,,,,,,,,,,,,,,,,
High,Master Protein,P62269,Small ribosomal subunit protein uS13 OS=Homo sapiens OX=9606 GN=RPS18 PE=1 SV=3,45,9,16,9,17.7,RPS18,1.05E+07,2.38E+06,,,,,,,,,,,,,,,,,,,,,,,,,,,,,,,,,,,,,,
High,Master Protein,P62805,Histone H4 OS=Homo sapiens OX=9606 GN=H4C1 PE=1 SV=2,51,6,61,6,11.4,H4C1; H4C11; H4C12; H4C13; H4C14; H4C15; H4C16; H4C2; H4C3; H4C4; H4C5; H4C6; H4C8; H4C9,9.97E+06,5.38E+06,,,,,,,,,,,,,,,,,,,,,,,,,,,,,,,,,,,,,,
High,Master Protein,P46937,Transcriptional coactivator YAP1 OS=Homo sapiens OX=9606 GN=YAP1 PE=1 SV=2,30,12,21,12,54.4,YAP1,8.41E+06,,,,,,,,,,,,,,,,,,,,,,,,,,,,,,,,,,,,,,,
High,Master Protein,P68431,Histone H3.1 OS=Homo sapiens OX=9606 GN=H3C1 PE=1 SV=2,17,3,8,3,15.4,H3C1; H3C10; H3C11; H3C12; H3C2; H3C3; H3C4; H3C6; H3C7; H3C8,7.47E+06,5.13E+06,,,,,,,,,,,,,,,,,,,,,,,,,,,,,,,,,,,,,,
High,Master Protein,P27816,Microtubule-associated protein 4 OS=Homo sapiens OX=9606 GN=MAP4 PE=1 SV=3,24,23,51,23,120.9,MAP4,7.21E+06,3.32E+06,,,,,,,,,,,,,,,,,,,,,,,,,,,,,,,,,,,,,,
High,Master Protein,P06899,Histone H2B type 1-J OS=Homo sapiens OX=9606 GN=H2BC11 PE=1 SV=3,40,5,36,5,13.9,H2BC11,5.25E+06,4.63E+06,,,,,,,,,,,,,,,,,,,,,,,,,,,,,,,,,,,,,,
High,Master Protein,Q9BY77,Polymerase delta-interacting protein 3 OS=Homo sapiens OX=9606 GN=POLDIP3 PE=1 SV=2,33,12,23,12,46.1,POLDIP3,3.27E+06,3.06E+06,,,,,,,,,,,,,,,,,,,,,,,,,,,,,,,,,,,,,,
High,Master Protein,P13647,"Keratin, type II cytoskeletal 5 OS=Homo sapiens OX=9606 GN=KRT5 PE=1 SV=3",30,20,41,10,62.3,KRT5,2.37E+06,2.01E+06,,,,,,,,,,,,,,,,,,,,,,,,,,,,,,,,,,,,,,
High,Master Protein,P02533,"Keratin, type I cytoskeletal 14 OS=Homo sapiens OX=9606 GN=KRT14 PE=1 SV=4",37,15,32,7,51.5,KRT14,2.24E+06,1.66E+06,,,,,,,,,,,,,,,,,,,,,,,,,,,,,,,,,,,,,,
High,Master Protein,P28347,Transcriptional enhancer factor TEF-1 OS=Homo sapiens OX=9606 GN=TEAD1 PE=1 SV=2,7,4,6,1,47.9,TEAD1,1.93E+06,1.96E+04,,,,,,,,,,,,,,,,,,,,,,,,,,,,,,,,,,,,,,
High,Master Protein,Q9UNZ5,Leydig cell tumor 10 kDa protein homolog OS=Homo sapiens OX=9606 GN=C19orf53 PE=1 SV=1,8,2,3,2,10.6,C19orf53,1.69E+06,1.34E+06,,,,,,,,,,,,,,,,,,,,,,,,,,,,,,,,,,,,,,
High,Master Protein,P62861,Ubiquitin-like FUBI-ribosomal protein eS30 fusion protein OS=Homo sapiens OX=9606 GN=FAU PE=1 SV=2,8,2,7,2,14.4,FAU,1.54E+06,2.80E+06,,,,,,,,,,,,,,,,,,,,,,,,,,,,,,,,,,,,,,
High,Master Protein,P51553,"Isocitrate dehydrogenase [NAD] subunit gamma, mitochondrial OS=Homo sapiens OX=9606 GN=IDH3G PE=1 SV=1",3,1,2,1,42.8,IDH3G,1.19E+06,8.89E+05,,,,,,,,,,,,,,,,,,,,,,,,,,,,,,,,,,,,,,
High,Master Protein,P51610,Host cell factor 1 OS=Homo sapiens OX=9606 GN=HCFC1 PE=1 SV=2,4,6,7,6,208.6,HCFC1,1.09E+06,1.71E+05,,,,,,,,,,,,,,,,,,,,,,,,,,,,,,,,,,,,,,
High,Master Protein,P62249,Small ribosomal subunit protein uS9 OS=Homo sapiens OX=9606 GN=RPS16 PE=1 SV=2,5,1,1,1,16.4,RPS16,1.03E+06,1.03E+06,,,,,,,,,,,,,,,,,,,,,,,,,,,,,,,,,,,,,,
High,Master Protein,P62701,"Small ribosomal subunit protein eS4, X isoform OS=Homo sapiens OX=9606 GN=RPS4X PE=1 SV=2",21,6,9,6,29.6,RPS4X,9.72E+05,2.90E+06,,,,,,,,,,,,,,,,,,,,,,,,,,,,,,,,,,,,,,
High,Master Protein,Q86TJ2,Transcriptional adapter 2-beta OS=Homo sapiens OX=9606 GN=TADA2B PE=1 SV=2,2,1,2,1,48.4,TADA2B,8.30E+05,6.44E+05,,,,,,,,,,,,,,,,,,,,,,,,,,,,,,,,,,,,,,
High,Master Protein,P02538,"Keratin, type II cytoskeletal 6A OS=Homo sapiens OX=9606 GN=KRT6A PE=1 SV=3",24,16,39,5,60,KRT6A,8.24E+05,4.25E+05,,,,,,,,,,,,,,,,,,,,,,,,,,,,,,,,,,,,,,
High,Master Protein,P13646,"Keratin, type I cytoskeletal 13 OS=Homo sapiens OX=9606 GN=KRT13 PE=1 SV=4",15,8,16,3,49.6,KRT13,6.84E+05,4.42E+05,,,,,,,,,,,,,,,,,,,,,,,,,,,,,,,,,,,,,,
High,Master Protein,Q9H6K5,Proline-rich protein 36 OS=Homo sapiens OX=9606 GN=PRR36 PE=1 SV=2,3,4,4,4,132.7,PRR36,6.28E+05,2.04E+05,,,,,,,,,,,,,,,,,,,,,,,,,,,,,,,,,,,,,,
High,Master Protein,Q9BR76,Coronin-1B OS=Homo sapiens OX=9606 GN=CORO1B PE=1 SV=1,2,1,1,1,54.2,CORO1B,5.40E+05,5.09E+05,,,,,,,,,,,,,,,,,,,,,,,,,,,,,,,,,,,,,,
High,Master Protein,P60709,"Actin, cytoplasmic 1 OS=Homo sapiens OX=9606 GN=ACTB PE=1 SV=1",7,2,2,2,41.7,ACTB,4.15E+05,1.39E+05,,,,,,,,,,,,,,,,,,,,,,,,,,,,,,,,,,,,,,
High,Master Protein,P62750,Large ribosomal subunit protein uL23 OS=Homo sapiens OX=9606 GN=RPL23A PE=1 SV=1,39,9,12,9,17.7,RPL23A,3.81E+05,2.71E+06,,,,,,,,,,,,,,,,,,,,,,,,,,,,,,,,,,,,,,
High,Master Protein,Q86YZ3,Hornerin OS=Homo sapiens OX=9606 GN=HRNR PE=1 SV=2,6,3,6,3,282.2,HRNR,3.51E+05,5.97E+05,,,,,,,,,,,,,,,,,,,,,,,,,,,,,,,,,,,,,,
High,Master Protein,P42766,Large ribosomal subunit protein uL29 OS=Homo sapiens OX=9606 GN=RPL35 PE=1 SV=2,15,2,4,2,14.5,RPL35,3.39E+05,1.92E+06,,,,,,,,,,,,,,,,,,,,,,,,,,,,,,,,,,,,,,
High,Master Protein,P16402,Histone H1.3 OS=Homo sapiens OX=9606 GN=H1-3 PE=1 SV=2,24,8,14,6,22.3,H1-3,3.39E+05,1.08E+07,,,,,,,,,,,,,,,,,,,,,,,,,,,,,,,,,,,,,,
High,Master Protein,P62899,Large ribosomal subunit protein eL31 OS=Homo sapiens OX=9606 GN=RPL31 PE=1 SV=1,30,4,7,4,14.5,RPL31,3.18E+05,2.82E+06,,,,,,,,,,,,,,,,,,,,,,,,,,,,,,,,,,,,,,
High,Master Protein,P15924,Desmoplakin OS=Homo sapiens OX=9606 GN=DSP PE=1 SV=3,1,4,5,4,331.6,DSP,2.90E+05,2.91E+05,,,,,,,,,,,,,,,,,,,,,,,,,,,,,,,,,,,,,,
High,Master Protein,P11142,Heat shock cognate 71 kDa protein OS=Homo sapiens OX=9606 GN=HSPA8 PE=1 SV=1,5,3,3,3,70.9,HSPA8,2.66E+05,7.29E+04,,,,,,,,,,,,,,,,,,,,,,,,,,,,,,,,,,,,,,
High,Master Protein,P61513,Large ribosomal subunit protein eL43 OS=Homo sapiens OX=9606 GN=RPL37A PE=1 SV=2,10,1,1,1,10.3,RPL37A,2.65E+05,6.89E+04,,,,,,,,,,,,,,,,,,,,,,,,,,,,,,,,,,,,,,
High,Master Protein,P62277,Small ribosomal subunit protein uS15 OS=Homo sapiens OX=9606 GN=RPS13 PE=1 SV=2,32,5,8,5,17.2,RPS13,2.33E+05,1.79E+06,,,,,,,,,,,,,,,,,,,,,,,,,,,,,,,,,,,,,,
High,Master Protein,P05109,Protein S100-A8 OS=Homo sapiens OX=9606 GN=S100A8 PE=1 SV=1,24,2,3,2,10.8,S100A8,2.26E+05,3.15E+05,,,,,,,,,,,,,,,,,,,,,,,,,,,,,,,,,,,,,,
High,Master Protein,Q05639,Elongation factor 1-alpha 2 OS=Homo sapiens OX=9606 GN=EEF1A2 PE=1 SV=1,4,2,2,2,50.4,EEF1A2,1.93E+05,4.32E+04,,,,,,,,,,,,,,,,,,,,,,,,,,,,,,,,,,,,,,
High,Master Protein,Q8NHJ6,Leukocyte immunoglobulin-like receptor subfamily B member 4 OS=Homo sapiens OX=9606 GN=LILRB4 PE=1 SV=3,2,1,1,1,49.3,LILRB4,1.81E+05,2.78E+05,,,,,,,,,,,,,,,,,,,,,,,,,,,,,,,,,,,,,,
High,Master Protein,P04406,Glyceraldehyde-3-phosphate dehydrogenase OS=Homo sapiens OX=9606 GN=GAPDH PE=1 SV=3,7,2,4,2,36,GAPDH,1.77E+05,1.57E+05,,,,,,,,,,,,,,,,,,,,,,,,,,,,,,,,,,,,,,
High,Master Protein,P0CG12,Decreased expression in renal and prostate cancer protein OS=Homo sapiens OX=9606 GN=DERPC PE=1 SV=1,4,2,2,2,51.4,DERPC,1.72E+05,1.27E+04,,,,,,,,,,,,,,,,,,,,,,,,,,,,,,,,,,,,,,
High,Master Protein,E9PRG8,Uncharacterized protein C11orf98 OS=Homo sapiens OX=9606 GN=C11orf98 PE=4 SV=2,28,3,5,3,14.2,C11orf98,1.68E+05,6.59E+05,,,,,,,,,,,,,,,,,,,,,,,,,,,,,,,,,,,,,,
High,Master Protein,P02768,Albumin OS=Homo sapiens OX=9606 GN=ALB PE=1 SV=2,2,1,3,1,69.3,ALB,1.59E+05,2.10E+05,,,,,,,,,,,,,,,,,,,,,,,,,,,,,,,,,,,,,,
High,Master Protein,P62979,Ubiquitin-ribosomal protein eS31 fusion protein OS=Homo sapiens OX=9606 GN=RPS27A PE=1 SV=2,6,1,2,1,18,RPS27A,1.56E+05,1.82E+05,,,,,,,,,,,,,,,,,,,,,,,,,,,,,,,,,,,,,,
High,Master Protein,P81605,Dermcidin OS=Homo sapiens OX=9606 GN=DCD PE=1 SV=2,20,2,2,2,11.3,DCD,1.51E+05,2.85E+05,,,,,,,,,,,,,,,,,,,,,,,,,,,,,,,,,,,,,,
Medium,Master Protein,Q9BQG0,Myb-binding protein 1A OS=Homo sapiens OX=9606 GN=MYBBP1A PE=1 SV=2,1,1,1,1,148.8,MYBBP1A,1.40E+05,7.14E+04,,,,,,,,,,,,,,,,,,,,,,,,,,,,,,,,,,,,,,
High,Master Protein,Q86Y46,"Keratin, type II cytoskeletal 73 OS=Homo sapiens OX=9606 GN=KRT73 PE=1 SV=1",6,4,8,1,58.9,KRT73,1.31E+05,1.62E+05,,,,,,,,,,,,,,,,,,,,,,,,,,,,,,,,,,,,,,
High,Master Protein,P62851,Small ribosomal subunit protein eS25 OS=Homo sapiens OX=9606 GN=RPS25 PE=1 SV=1,6,1,1,1,13.7,RPS25,1.31E+05,1.39E+05,,,,,,,,,,,,,,,,,,,,,,,,,,,,,,,,,,,,,,
High,Master Protein,P31942,Heterogeneous nuclear ribonucleoprotein H3 OS=Homo sapiens OX=9606 GN=HNRNPH3 PE=1 SV=2,9,3,3,3,36.9,HNRNPH3,1.31E+05,4.61E+04,,,,,,,,,,,,,,,,,,,,,,,,,,,,,,,,,,,,,,
High,Master Protein,P09651,Heterogeneous nuclear ribonucleoprotein A1 OS=Homo sapiens OX=9606 GN=HNRNPA1 PE=1 SV=5,6,2,3,2,38.7,HNRNPA1,1.30E+05,1.39E+05,,,,,,,,,,,,,,,,,,,,,,,,,,,,,,,,,,,,,,
High,Master Protein,Q9NTI5,Sister chromatid cohesion protein PDS5 homolog B OS=Homo sapiens OX=9606 GN=PDS5B PE=1 SV=1,2,1,1,1,164.6,PDS5B,1.21E+05,6.79E+04,,,,,,,,,,,,,,,,,,,,,,,,,,,,,,,,,,,,,,
High,Master Protein,P62280,Small ribosomal subunit protein uS17 OS=Homo sapiens OX=9606 GN=RPS11 PE=1 SV=3,5,1,1,1,18.4,RPS11,1.19E+05,2.08E+04,,,,,,,,,,,,,,,,,,,,,,,,,,,,,,,,,,,,,,
High,Master Protein,Q92922,SWI/SNF complex subunit SMARCC1 OS=Homo sapiens OX=9606 GN=SMARCC1 PE=1 SV=3,1,1,1,1,122.8,SMARCC1,1.15E+05,,,,,,,,,,,,,,,,,,,,,,,,,,,,,,,,,,,,,,,
High,Master Protein,Q08554,Desmocollin-1 OS=Homo sapiens OX=9606 GN=DSC1 PE=1 SV=2,1,1,1,1,99.9,DSC1,1.10E+05,1.05E+05,,,,,,,,,,,,,,,,,,,,,,,,,,,,,,,,,,,,,,
High,Master Protein,P19013,"Keratin, type II cytoskeletal 4 OS=Homo sapiens OX=9606 GN=KRT4 PE=1 SV=5",11,6,26,2,56.1,KRT4,1.04E+05,1.16E+05,,,,,,,,,,,,,,,,,,,,,,,,,,,,,,,,,,,,,,
High,Master Protein,P08779,"Keratin, type I cytoskeletal 16 OS=Homo sapiens OX=9606 GN=KRT16 PE=1 SV=4",17,9,21,1,51.2,KRT16,1.02E+05,5.08E+04,,,,,,,,,,,,,,,,,,,,,,,,,,,,,,,,,,,,,,
High,Master Protein,Q9NZT1,Calmodulin-like protein 5 OS=Homo sapiens OX=9606 GN=CALML5 PE=1 SV=2,5,1,2,1,15.9,CALML5,9.97E+04,7.11E+04,,,,,,,,,,,,,,,,,,,,,,,,,,,,,,,,,,,,,,
High,Master Protein,P0C0S5,Histone H2A.Z OS=Homo sapiens OX=9606 GN=H2AZ1 PE=1 SV=2,20,3,31,1,13.5,H2AZ1,9.63E+04,3.34E+04,,,,,,,,,,,,,,,,,,,,,,,,,,,,,,,,,,,,,,
High,Master Protein,Q5T750,Protein KPLCE OS=Homo sapiens OX=9606 GN=KPLCE PE=1 SV=1,3,1,2,1,26.2,KPLCE,9.38E+04,1.95E+05,,,,,,,,,,,,,,,,,,,,,,,,,,,,,,,,,,,,,,
High,Master Protein,P01876,Immunoglobulin heavy constant alpha 1 OS=Homo sapiens OX=9606 GN=IGHA1 PE=1 SV=3,2,1,1,1,42.8,IGHA1,9.35E+04,5.58E+04,,,,,,,,,,,,,,,,,,,,,,,,,,,,,,,,,,,,,,
High,Master Protein,P0DI83,"Ras-related protein Rab-34, isoform NARR OS=Homo sapiens OX=9606 GN=RAB34 PE=1 SV=1",4,1,1,1,21.1,RAB34,9.02E+04,,,,,,,,,,,,,,,,,,,,,,,,,,,,,,,,,,,,,,,
High,Master Protein,Q92841,Probable ATP-dependent RNA helicase DDX17 OS=Homo sapiens OX=9606 GN=DDX17 PE=1 SV=2,2,1,1,1,80.2,DDX17,8.74E+04,1.03E+04,,,,,,,,,,,,,,,,,,,,,,,,,,,,,,,,,,,,,,
High,Master Protein,P06702,Protein S100-A9 OS=Homo sapiens OX=9606 GN=S100A9 PE=1 SV=1,11,1,2,1,13.2,S100A9,8.67E+04,2.38E+05,,,,,,,,,,,,,,,,,,,,,,,,,,,,,,,,,,,,,,
High,Master Protein,Q15562,Transcriptional enhancer factor TEF-4 OS=Homo sapiens OX=9606 GN=TEAD2 PE=1 SV=2,10,4,6,1,49.2,TEAD2,8.12E+04,,,,,,,,,,,,,,,,,,,,,,,,,,,,,,,,,,,,,,,
High,Master Protein,Q02413,Desmoglein-1 OS=Homo sapiens OX=9606 GN=DSG1 PE=1 SV=2,5,3,4,3,113.7,DSG1,8.07E+04,1.07E+05,,,,,,,,,,,,,,,,,,,,,,,,,,,,,,,,,,,,,,
High,Master Protein,Q8N1N4,"Keratin, type II cytoskeletal 78 OS=Homo sapiens OX=9606 GN=KRT78 PE=1 SV=2",4,2,3,1,56.8,KRT78,7.69E+04,7.35E+04,,,,,,,,,,,,,,,,,,,,,,,,,,,,,,,,,,,,,,
High,Master Protein,P62318,Small nuclear ribonucleoprotein Sm D3 OS=Homo sapiens OX=9606 GN=SNRPD3 PE=1 SV=1,8,1,2,1,13.9,SNRPD3,7.69E+04,6.65E+04,,,,,,,,,,,,,,,,,,,,,,,,,,,,,,,,,,,,,,
High,Master Protein,Q00839,Heterogeneous nuclear ribonucleoprotein U OS=Homo sapiens OX=9606 GN=HNRNPU PE=1 SV=6,3,2,2,2,90.5,HNRNPU,7.55E+04,2.25E+04,,,,,,,,,,,,,,,,,,,,,,,,,,,,,,,,,,,,,,
High,Master Protein,P56703,Proto-oncogene Wnt-3 OS=Homo sapiens OX=9606 GN=WNT3 PE=1 SV=2,5,1,2,1,39.6,WNT3,7.38E+04,5.83E+04,,,,,,,,,,,,,,,,,,,,,,,,,,,,,,,,,,,,,,
High,Master Protein,Q06830,Peroxiredoxin-1 OS=Homo sapiens OX=9606 GN=PRDX1 PE=1 SV=1,6,1,2,1,22.1,PRDX1,7.35E+04,4.57E+04,,,,,,,,,,,,,,,,,,,,,,,,,,,,,,,,,,,,,,
High,Master Protein,P83731,Large ribosomal subunit protein eL24 OS=Homo sapiens OX=9606 GN=RPL24 PE=1 SV=1,8,1,1,1,17.8,RPL24,7.07E+04,2.99E+05,,,,,,,,,,,,,,,,,,,,,,,,,,,,,,,,,,,,,,
High,Master Protein,P51532,Transcription activator BRG1 OS=Homo sapiens OX=9606 GN=SMARCA4 PE=1 SV=2,1,2,2,2,184.5,SMARCA4,7.04E+04,,,,,,,,,,,,,,,,,,,,,,,,,,,,,,,,,,,,,,,
High,Master Protein,P05089,Arginase-1 OS=Homo sapiens OX=9606 GN=ARG1 PE=1 SV=2,3,1,1,1,34.7,ARG1,6.61E+04,6.72E+04,,,,,,,,,,,,,,,,,,,,,,,,,,,,,,,,,,,,,,
High,Master Protein,Q13410,Butyrophilin subfamily 1 member A1 OS=Homo sapiens OX=9606 GN=BTN1A1 PE=1 SV=3,2,1,2,1,58.9,BTN1A1,6.19E+04,1.50E+05,,,,,,,,,,,,,,,,,,,,,,,,,,,,,,,,,,,,,,
High,Master Protein,Q5D862,Filaggrin-2 OS=Homo sapiens OX=9606 GN=FLG2 PE=1 SV=1,0,1,1,1,247.9,FLG2,5.54E+04,9.27E+04,,,,,,,,,,,,,,,,,,,,,,,,,,,,,,,,,,,,,,
High,Master Protein,P31943,Heterogeneous nuclear ribonucleoprotein H OS=Homo sapiens OX=9606 GN=HNRNPH1 PE=1 SV=4,4,1,1,1,49.2,HNRNPH1,5.25E+04,,,,,,,,,,,,,,,,,,,,,,,,,,,,,,,,,,,,,,,
High,Master Protein,P11387,DNA topoisomerase 1 OS=Homo sapiens OX=9606 GN=TOP1 PE=1 SV=2,1,1,2,1,90.7,TOP1,4.67E+04,3.03E+04,,,,,,,,,,,,,,,,,,,,,,,,,,,,,,,,,,,,,,
High,Master Protein,P12273,Prolactin-inducible protein OS=Homo sapiens OX=9606 GN=PIP PE=1 SV=1,8,1,2,1,16.6,PIP,4.57E+04,5.57E+04,,,,,,,,,,,,,,,,,,,,,,,,,,,,,,,,,,,,,,
High,Master Protein,Q9BQ48,Large ribosomal subunit protein bL34m OS=Homo sapiens OX=9606 GN=MRPL34 PE=1 SV=1,13,1,1,1,10.2,MRPL34,4.04E+04,2.19E+04,,,,,,,,,,,,,,,,,,,,,,,,,,,,,,,,,,,,,,
High,Master Protein,P61626,Lysozyme C OS=Homo sapiens OX=9606 GN=LYZ PE=1 SV=1,8,1,1,1,16.5,LYZ,3.20E+04,1.61E+04,,,,,,,,,,,,,,,,,,,,,,,,,,,,,,,,,,,,,,
High,Master Protein,P61353,Large ribosomal subunit protein eL27 OS=Homo sapiens OX=9606 GN=RPL27 PE=1 SV=2,6,1,1,1,15.8,RPL27,2.94E+04,1.69E+04,,,,,,,,,,,,,,,,,,,,,,,,,,,,,,,,,,,,,,
High,Master Protein,Q8IWZ3,Ankyrin repeat and KH domain-containing protein 1 OS=Homo sapiens OX=9606 GN=ANKHD1 PE=1 SV=1,0,1,1,1,269.3,ANKHD1,2.91E+04,5.27E+04,,,,,,,,,,,,,,,,,,,,,,,,,,,,,,,,,,,,,,
High,Master Protein,O15230,Laminin subunit alpha-5 OS=Homo sapiens OX=9606 GN=LAMA5 PE=1 SV=8,0,1,2,1,399.5,LAMA5,2.90E+04,7.69E+04,,,,,,,,,,,,,,,,,,,,,,,,,,,,,,,,,,,,,,
High,Master Protein,P07339,Cathepsin D OS=Homo sapiens OX=9606 GN=CTSD PE=1 SV=1,2,1,1,1,44.5,CTSD,2.86E+04,2.56E+04,,,,,,,,,,,,,,,,,,,,,,,,,,,,,,,,,,,,,,
High,Master Protein,Q6ZVX7,F-box only protein 50 OS=Homo sapiens OX=9606 GN=NCCRP1 PE=1 SV=1,4,1,1,1,30.8,NCCRP1,2.79E+04,2.55E+04,,,,,,,,,,,,,,,,,,,,,,,,,,,,,,,,,,,,,,
High,Master Protein,P39019,Small ribosomal subunit protein eS19 OS=Homo sapiens OX=9606 GN=RPS19 PE=1 SV=2,7,1,1,1,16.1,RPS19,2.78E+04,5.30E+04,,,,,,,,,,,,,,,,,,,,,,,,,,,,,,,,,,,,,,
High,Master Protein,Q8IWF9,Coiled-coil domain-containing protein 83 OS=Homo sapiens OX=9606 GN=CCDC83 PE=1 SV=2,7,1,1,1,48.8,CCDC83,2.74E+04,1.68E+04,,,,,,,,,,,,,,,,,,,,,,,,,,,,,,,,,,,,,,
High,Master Protein,P16401,Histone H1.5 OS=Homo sapiens OX=9606 GN=H1-5 PE=1 SV=3,18,5,8,3,22.6,H1-5,2.65E+04,1.00E+06,,,,,,,,,,,,,,,,,,,,,,,,,,,,,,,,,,,,,,
High,Master Protein,Q02878,Large ribosomal subunit protein eL6 OS=Homo sapiens OX=9606 GN=RPL6 PE=1 SV=3,6,2,2,2,32.7,RPL6,2.50E+04,2.82E+05,,,,,,,,,,,,,,,,,,,,,,,,,,,,,,,,,,,,,,
High,Master Protein,Q7Z794,"Keratin, type II cytoskeletal 1b OS=Homo sapiens OX=9606 GN=KRT77 PE=1 SV=3",7,5,14,1,61.9,KRT77,2.46E+04,3.82E+04,,,,,,,,,,,,,,,,,,,,,,,,,,,,,,,,,,,,,,
High,Master Protein,Q92522,Histone H1.10 OS=Homo sapiens OX=9606 GN=H1-10 PE=1 SV=1,17,3,4,3,22.5,H1-10,2.23E+04,1.64E+06,,,,,,,,,,,,,,,,,,,,,,,,,,,,,,,,,,,,,,
High,Master Protein,Q9NR30,Nucleolar RNA helicase 2 OS=Homo sapiens OX=9606 GN=DDX21 PE=1 SV=5,1,1,1,1,87.3,DDX21,1.57E+04,,,,,,,,,,,,,,,,,,,,,,,,,,,,,,,,,,,,,,,
High,Master Protein,Q969G3,SWI/SNF-related matrix-associated actin-dependent regulator of chromatin subfamily E member 1 OS=Homo sapiens OX=9606 GN=SMARCE1 PE=1 SV=2,3,1,1,1,46.6,SMARCE1,1.20E+04,,,,,,,,,,,,,,,,,,,,,,,,,,,,,,,,,,,,,,,
Medium,Master Protein,Q92544,Transmembrane 9 superfamily member 4 OS=Homo sapiens OX=9606 GN=TM9SF4 PE=1 SV=2,1,1,1,1,74.5,TM9SF4,1.15E+04,1.42E+04,,,,,,,,,,,,,,,,,,,,,,,,,,,,,,,,,,,,,,
High,Master Protein,Q15050,Ribosome biogenesis regulatory protein homolog OS=Homo sapiens OX=9606 GN=RRS1 PE=1 SV=2,2,1,1,1,41.2,RRS1,4.80E+03,4.91E+04,,,,,,,,,,,,,,,,,,,,,,,,,,,,,,,,,,,,,,
High,Master Protein,Q9P2E9,Ribosome-binding protein 1 OS=Homo sapiens OX=9606 GN=RRBP1 PE=1 SV=5,1,2,2,2,152.4,RRBP1,,9.06E+04,,,,,,,,,,,,,,,,,,,,,,,,,,,,,,,,,,,,,,
High,Master Protein,P61254,Large ribosomal subunit protein uL24 OS=Homo sapiens OX=9606 GN=RPL26 PE=1 SV=1,6,1,1,1,17.2,RPL26,,8.25E+04,,,,,,,,,,,,,,,,,,,,,,,,,,,,,,,,,,,,,,
High,Master Protein,P47914,Large ribosomal subunit protein eL29 OS=Homo sapiens OX=9606 GN=RPL29 PE=1 SV=2,9,1,1,1,17.7,RPL29,,7.09E+04,,,,,,,,,,,,,,,,,,,,,,,,,,,,,,,,,,,,,,
High,Master Protein,Q14980,Nuclear mitotic apparatus protein 1 OS=Homo sapiens OX=9606 GN=NUMA1 PE=1 SV=2,1,1,1,1,238.1,NUMA1,,5.62E+04,,,,,,,,,,,,,,,,,,,,,,,,,,,,,,,,,,,,,,
High,Master Protein,P0DOX7,Immunoglobulin kappa light chain OS=Homo sapiens OX=9606 PE=1 SV=1,8,1,1,1,23.4,,,2.40E+04,,,,,,,,,,,,,,,,,,,,,,,,,,,,,,,,,,,,,,
High,Master Protein,P46087,Probable 28S rRNA (cytosine(4447)-C(5))-methyltransferase OS=Homo sapiens OX=9606 GN=NOP2 PE=1 SV=2,2,1,1,1,89.2,NOP2,,1.83E+04,,,,,,,,,,,,,,,,,,,,,,,,,,,,,,,,,,,,,,
,,,,,,,,,,,,,,,,,,,,,,,,,,,,,,,,,,,,,,,,,,,,,,,,,
,,,,,,,,,,,,,,,,,,,,,,,,,,,,,,,,,,,,,,,,,,,,,,,,,
,,,,,,,,,,,,,,,,,,,,,,,,,,,,,,,,,,,,,,,,,,,,,,,,,
,,,,,,,,,,,,,,,,,,,,,,,,,,,,,,,,,,,,,,,,,,,,,,,,,
,,,,,,,,,,,,,,,,,,,,,,,,,,,,,,,,,,,,,,,,,,,,,,,,,
,,,,,,,,,,,,,,,,,,,,,,,,,,,,,,,,,,,,,,,,,,,,,,,,,
High,Master Protein,Q9P0L2,Serine/threonine-protein kinase MARK1 OS=Homo sapiens OX=9606 GN=MARK1 PE=1 SV=2,2,1,1,1,88.9,MARK1,,,,,,,,,,,,,,,,,,,,,,,,,,,,,,,,,,,,,,,,
High,Master Protein,Q14697,Neutral alpha-glucosidase AB OS=Homo sapiens OX=9606 GN=GANAB PE=1 SV=3,3,1,1,1,106.8,GANAB,,,,,,,,,,,,,,,,,,,,,,,,,,,,,,,,,,,,,,,,
High,Master Protein,Q86WX3,Active regulator of SIRT1 OS=Homo sapiens OX=9606 GN=RPS19BP1 PE=1 SV=1,10,1,1,1,15.4,RPS19BP1,,,,,,,,,,,,,,,,,,,,,,,,,,,,,,,,,,,,,,,,
High,Master Protein,Q92851,Caspase-10 OS=Homo sapiens OX=9606 GN=CASP10 PE=1 SV=3,3,1,1,1,58.9,CASP10,,,,,,,,,,,,,,,,,,,,,,,,,,,,,,,,,,,,,,,,
High,Master Protein,P07910,Heterogeneous nuclear ribonucleoproteins C1/C2 OS=Homo sapiens OX=9606 GN=HNRNPC PE=1 SV=4,3,1,1,1,33.7,HNRNPC,,,,,,,,,,,,,,,,,,,,,,,,,,,,,,,,,,,,,,,,
High,Master Protein,P16452,Protein 4.2 OS=Homo sapiens OX=9606 GN=EPB42 PE=1 SV=3,4,1,1,1,77,EPB42,,,,,,,,,,,,,,,,,,,,,,,,,,,,,,,,,,,,,,,,
High,Master Protein,P06748,Nucleophosmin OS=Homo sapiens OX=9606 GN=NPM1 PE=1 SV=2,7,1,1,1,32.6,NPM1,,,,,,,,,,,,,,,,,,,,,,,,,,,,,,,,,,,,,,,,
High,Master Protein,Q9GZT6,"Coiled-coil domain-containing protein 90B, mitochondrial OS=Homo sapiens OX=9606 GN=CCDC90B PE=1 SV=2",9,1,1,1,29.5,CCDC90B,,,,,,,,,,,,,,,,,,,,,,,,,,,,,,,,,,,,,,,,
High,Master Protein,Q69YL0,Protein NCBP2AS2 OS=Homo sapiens OX=9606 GN=NCBP2AS2 PE=1 SV=1,15,1,1,1,10.9,NCBP2AS2,,,,,,,,,,,,,,,,,,,,,,,,,,,,,,,,,,,,,,,,
,,,,,,,,,,,,,,,,,,,,,,,,,,,,,,,,,,,,,,,,,,,,,,,,,
,,,,,,,,,,,,,,,,,,,,,,,,,,,,,,,,,,,,,,,,,,,,,,,,,
,,,,,,,,,,,,,,,,,,,,,,,,,,,,,,,,,,,,,,,,,,,,,,,,,
