Accession,Genes,Descriptions,t=0 (Prime),t=24 (NMP),t=36,t=48,,,,,,,,,,,,,,,,,,,,,,,,,,
Q08188,TGM3,"Protein-glutamine gamma-glutamyltransferase E OS=Homo sapiens OX=9606 GN=TGM3 PE=1 SV=4, Protein-glutamine gamma-glutamyltransferase E OS=Homo sapiens OX=9606 GN=TGM3 PE=1 SV=4",,,,113990.4688,,,,,,,,,,,,,,,,,,,,,,,,,,
Q9P225,DNAH2,Dynein axonemal heavy chain 2 OS=Homo sapiens OX=9606 GN=DNAH2 PE=1 SV=3,,,,130237.7813,,,,,,,,,,,,,,,,,,,,,,,,,,
A6NMY6,ANXA2P2,Putative annexin A2-like protein OS=Homo sapiens OX=9606 GN=ANXA2P2 PE=5 SV=2,,,,174045.875,,,,,,,,,,,,,,,,,,,,,,,,,,
P19013,KRT4,"Keratin, type II cytoskeletal 4 OS=Homo sapiens OX=9606 GN=KRT4 PE=1 SV=5, Keratin, type II cytoskeletal 4 OS=Homo sapiens OX=9606 GN=KRT4 PE=1 SV=5",,,,1433859.906,,,,,,,,,,,,,,,,,,,,,,,,,,
P78386,KRT85,"Keratin, type II cuticular Hb5 OS=Homo sapiens OX=9606 GN=KRT85 PE=1 SV=1, Keratin, type II cuticular Hb5 OS=Homo sapiens OX=9606 GN=KRT85 PE=1 SV=1, Keratin, type II cuticular Hb5 OS=Homo sapiens OX=9606 GN=KRT85 PE=1 SV=1, Keratin, type II cuticular Hb5 OS=Homo sapiens OX=9606 GN=KRT85 PE=1 SV=1",,,508864.5938,382331.9063,,,,,,,,,,,,,,,,,,,,,,,,,,
Q6VVX0,CYP2R1,"Vitamin D 25-hydroxylase OS=Homo sapiens OX=9606 GN=CYP2R1 PE=1 SV=1, Vitamin D 25-hydroxylase OS=Homo sapiens OX=9606 GN=CYP2R1 PE=1 SV=1",,,1594419.25,1093267.5,,,,,,,,,,,,,,,,,,,,,,,,,,
Q86TJ2,TADA2B,"Transcriptional adapter 2-beta OS=Homo sapiens OX=9606 GN=TADA2B PE=1 SV=2, Transcriptional adapter 2-beta OS=Homo sapiens OX=9606 GN=TADA2B PE=1 SV=2",,,4259381.5,1649810.625,,,,,,,,,,,,,,,,,,,,,,,,,,
Q6KB66,KRT80,"Keratin, type II cytoskeletal 80 OS=Homo sapiens OX=9606 GN=KRT80 PE=1 SV=2, Keratin, type II cytoskeletal 80 OS=Homo sapiens OX=9606 GN=KRT80 PE=1 SV=2, Keratin, type II cytoskeletal 80 OS=Homo sapiens OX=9606 GN=KRT80 PE=1 SV=2",,43534,321320.5703,134823.4688,,,,,,,,,,,,,,,,,,,,,,,,,,
P04259,KRT6B,"Keratin, type II cytoskeletal 6B OS=Homo sapiens OX=9606 GN=KRT6B PE=1 SV=5, Keratin, type II cytoskeletal 6B OS=Homo sapiens OX=9606 GN=KRT6B PE=1 SV=5, Keratin, type II cytoskeletal 6B OS=Homo sapiens OX=9606 GN=KRT6B PE=1 SV=5",,85145.78906,1409651.125,1758028.313,,,,,,,,,,,,,,,,,,,,,,,,,,
P04083,ANXA1,"Annexin A1 OS=Homo sapiens OX=9606 GN=ANXA1 PE=1 SV=2, Annexin A1 OS=Homo sapiens OX=9606 GN=ANXA1 PE=1 SV=2",331887.3984,,,162651.4375,,,,,,,,,,,,,,,,,,,,,,,,,,
P05089,ARG1,"Arginase-1 OS=Homo sapiens OX=9606 GN=ARG1 PE=1 SV=2, Arginase-1 OS=Homo sapiens OX=9606 GN=ARG1 PE=1 SV=2, Arginase-1 OS=Homo sapiens OX=9606 GN=ARG1 PE=1 SV=2",244073.4844,264900.7031,,227597.0938,,,,,,,,,,,,,,,,,,,,,,,,,,
P13646,KRT13,"Keratin, type I cytoskeletal 13 OS=Homo sapiens OX=9606 GN=KRT13 PE=1 SV=4, Keratin, type I cytoskeletal 13 OS=Homo sapiens OX=9606 GN=KRT13 PE=1 SV=4, Keratin, type I cytoskeletal 13 OS=Homo sapiens OX=9606 GN=KRT13 PE=1 SV=4",3097550.398,218374.8438,,5963461.055,,,,,,,,,,,,,,,,,,,,,,,,,,
Q14532,KRT32,"Keratin, type I cuticular Ha2 OS=Homo sapiens OX=9606 GN=KRT32 PE=1 SV=3",,,73175.32813,,,,,,,,,,,,,,,,,,,,,,,,,,,
P35613,BSG,Basigin OS=Homo sapiens OX=9606 GN=BSG PE=1 SV=2,,,89922.66406,,,,,,,,,,,,,,,,,,,,,,,,,,,
P46100,ATRX,Transcriptional regulator ATRX OS=Homo sapiens OX=9606 GN=ATRX PE=1 SV=6,,,92857.49219,,,,,,,,,,,,,,,,,,,,,,,,,,,
P35900,KRT20,"Keratin, type I cytoskeletal 20 OS=Homo sapiens OX=9606 GN=KRT20 PE=1 SV=1",,,130809.5547,,,,,,,,,,,,,,,,,,,,,,,,,,,
P10599,TXN,Thioredoxin OS=Homo sapiens OX=9606 GN=TXN PE=1 SV=3,,,161687.5469,,,,,,,,,,,,,,,,,,,,,,,,,,,
P22528,SPRR1B,Cornifin-B OS=Homo sapiens OX=9606 GN=SPRR1B PE=1 SV=2,,,212593.6406,,,,,,,,,,,,,,,,,,,,,,,,,,,
P08842,STS,Steryl-sulfatase OS=Homo sapiens OX=9606 GN=STS PE=1 SV=2,,,231987.7031,,,,,,,,,,,,,,,,,,,,,,,,,,,
Q7RTS7,KRT74,"Keratin, type II cytoskeletal 74 OS=Homo sapiens OX=9606 GN=KRT74 PE=1 SV=2",,,270602.1563,,,,,,,,,,,,,,,,,,,,,,,,,,,
P02787,,Serotransferrin OS=Homo sapiens OX=9606 GN=TF PE=1 SV=3,,,319384.1484,,,,,,,,,,,,,,,,,,,,,,,,,,,
Q96RN1,SLC26A8,Testis anion transporter 1 OS=Homo sapiens OX=9606 GN=SLC26A8 PE=1 SV=1,,,428505.8125,,,,,,,,,,,,,,,,,,,,,,,,,,,
Q7Z3Y8,KRT27,"Keratin, type I cytoskeletal 27 OS=Homo sapiens OX=9606 GN=KRT27 PE=1 SV=2",,,500312.25,,,,,,,,,,,,,,,,,,,,,,,,,,,
Q96P44,COL21A1,Collagen alpha-1(XXI) chain OS=Homo sapiens OX=9606 GN=COL21A1 PE=2 SV=1,,,631969.1875,,,,,,,,,,,,,,,,,,,,,,,,,,,
A6NIE6,RRN3P2,Putative RRN3-like protein RRN3P2 OS=Homo sapiens OX=9606 GN=RRN3P2 PE=5 SV=3,,,1222643.844,,,,,,,,,,,,,,,,,,,,,,,,,,,
Q8IZY2,ABCA7,Phospholipid-transporting ATPase ABCA7 OS=Homo sapiens OX=9606 GN=ABCA7 PE=1 SV=3,,,1473787,,,,,,,,,,,,,,,,,,,,,,,,,,,
P31151,S100A7,"Protein S100-A7 OS=Homo sapiens OX=9606 GN=S100A7 PE=1 SV=4, Protein S100-A7 OS=Homo sapiens OX=9606 GN=S100A7 PE=1 SV=4, Protein S100-A7 OS=Homo sapiens OX=9606 GN=S100A7 PE=1 SV=4",400673.2813,,355422.1719,,,,,,,,,,,,,,,,,,,,,,,,,,,
O75223,GGCT,"Gamma-glutamylcyclotransferase OS=Homo sapiens OX=9606 GN=GGCT PE=1 SV=1, Gamma-glutamylcyclotransferase OS=Homo sapiens OX=9606 GN=GGCT PE=1 SV=1",,59504.03906,78266.52344,,,,,,,,,,,,,,,,,,,,,,,,,,,
P13929,ENO3,"Beta-enolase OS=Homo sapiens OX=9606 GN=ENO3 PE=1 SV=5, Beta-enolase OS=Homo sapiens OX=9606 GN=ENO3 PE=1 SV=5, Beta-enolase OS=Homo sapiens OX=9606 GN=ENO3 PE=1 SV=5",,312896.1875,131540.9219,,,,,,,,,,,,,,,,,,,,,,,,,,,
Q86YZ3,HRNR,"Hornerin OS=Homo sapiens OX=9606 GN=HRNR PE=1 SV=2, Hornerin OS=Homo sapiens OX=9606 GN=HRNR PE=1 SV=2",,72965.73438,182654.7031,,,,,,,,,,,,,,,,,,,,,,,,,,,
Q08554,DSC1,"Desmocollin-1 OS=Homo sapiens OX=9606 GN=DSC1 PE=1 SV=2, Desmocollin-1 OS=Homo sapiens OX=9606 GN=DSC1 PE=1 SV=2",,199184.0781,276577.5313,,,,,,,,,,,,,,,,,,,,,,,,,,,
P61626,LYZ,"Lysozyme C OS=Homo sapiens OX=9606 GN=LYZ PE=1 SV=1, Lysozyme C OS=Homo sapiens OX=9606 GN=LYZ PE=1 SV=1",,158146.1406,301131.5313,,,,,,,,,,,,,,,,,,,,,,,,,,,
Q96P63,SERPINB12,"Serpin B12 OS=Homo sapiens OX=9606 GN=SERPINB12 PE=1 SV=1, Serpin B12 OS=Homo sapiens OX=9606 GN=SERPINB12 PE=1 SV=1",,196949.3281,328207.9063,,,,,,,,,,,,,,,,,,,,,,,,,,,
P12273,PIP,"Prolactin-inducible protein OS=Homo sapiens OX=9606 GN=PIP PE=1 SV=1, Prolactin-inducible protein OS=Homo sapiens OX=9606 GN=PIP PE=1 SV=1, Prolactin-inducible protein OS=Homo sapiens OX=9606 GN=PIP PE=1 SV=1",,560940.4844,366039.3906,,,,,,,,,,,,,,,,,,,,,,,,,,,
Q8N1N4,KRT78,"Keratin, type II cytoskeletal 78 OS=Homo sapiens OX=9606 GN=KRT78 PE=1 SV=2, Keratin, type II cytoskeletal 78 OS=Homo sapiens OX=9606 GN=KRT78 PE=1 SV=2",,351413.9375,1230292.727,,,,,,,,,,,,,,,,,,,,,,,,,,,
Q13835,PKP1,"Plakophilin-1 OS=Homo sapiens OX=9606 GN=PKP1 PE=1 SV=2, Plakophilin-1 OS=Homo sapiens OX=9606 GN=PKP1 PE=1 SV=2, Plakophilin-1 OS=Homo sapiens OX=9606 GN=PKP1 PE=1 SV=2",55044.50781,71443.80469,236692.9531,,,,,,,,,,,,,,,,,,,,,,,,,,,
Q15517,,"Corneodesmosin OS=Homo sapiens OX=9606 GN=CDSN PE=1 SV=3, Corneodesmosin OS=Homo sapiens OX=9606 GN=CDSN PE=1 SV=3, Corneodesmosin OS=Homo sapiens OX=9606 GN=CDSN PE=1 SV=3",59510.55469,126788.3828,196872.4063,,,,,,,,,,,,,,,,,,,,,,,,,,,
Q5T749,KPRP,"Keratinocyte proline-rich protein OS=Homo sapiens OX=9606 GN=KPRP PE=1 SV=1, Keratinocyte proline-rich protein OS=Homo sapiens OX=9606 GN=KPRP PE=1 SV=1, Keratinocyte proline-rich protein OS=Homo sapiens OX=9606 GN=KPRP PE=1 SV=1",165924.6406,288089.9063,385083.125,,,,,,,,,,,,,,,,,,,,,,,,,,,
Q01469,FABP5,"Fatty acid-binding protein 5 OS=Homo sapiens OX=9606 GN=FABP5 PE=1 SV=3, Fatty acid-binding protein 5 OS=Homo sapiens OX=9606 GN=FABP5 PE=1 SV=3, Fatty acid-binding protein 5 OS=Homo sapiens OX=9606 GN=FABP5 PE=1 SV=3",244487.2266,65178.125,79195.45313,,,,,,,,,,,,,,,,,,,,,,,,,,,
P07355,ANXA2,"Annexin A2 OS=Homo sapiens OX=9606 GN=ANXA2 PE=1 SV=2, Annexin A2 OS=Homo sapiens OX=9606 GN=ANXA2 PE=1 SV=2, Annexin A2 OS=Homo sapiens OX=9606 GN=ANXA2 PE=1 SV=2",477554.0781,348563.6016,381983.3125,,,,,,,,,,,,,,,,,,,,,,,,,,,
P62266,RPS23,"40S ribosomal protein S23 OS=Homo sapiens OX=9606 GN=RPS23 PE=1 SV=3, 40S ribosomal protein S23 OS=Homo sapiens OX=9606 GN=RPS23 PE=1 SV=3, 40S ribosomal protein S23 OS=Homo sapiens OX=9606 GN=RPS23 PE=1 SV=3",697293.1875,319355.625,156950.8594,,,,,,,,,,,,,,,,,,,,,,,,,,,
O43175,PHGDH,"D-3-phosphoglycerate dehydrogenase OS=Homo sapiens OX=9606 GN=PHGDH PE=1 SV=4, D-3-phosphoglycerate dehydrogenase OS=Homo sapiens OX=9606 GN=PHGDH PE=1 SV=4, D-3-phosphoglycerate dehydrogenase OS=Homo sapiens OX=9606 GN=PHGDH PE=1 SV=4, D-3-phosphoglycerate dehydrogenase OS=Homo sapiens OX=9606 GN=PHGDH PE=1 SV=4",763758.3594,402815.8125,114864.8906,,,,,,,,,,,,,,,,,,,,,,,,,,,
P62979,RPS27A,"Ubiquitin-40S ribosomal protein S27a OS=Homo sapiens OX=9606 GN=RPS27A PE=1 SV=2, Ubiquitin-40S ribosomal protein S27a OS=Homo sapiens OX=9606 GN=RPS27A PE=1 SV=2, Ubiquitin-40S ribosomal protein S27a OS=Homo sapiens OX=9606 GN=RPS27A PE=1 SV=2",1051563.125,1704172.188,917218.1563,,,,,,,,,,,,,,,,,,,,,,,,,,,
P06732,CKM,"Creatine kinase M-type OS=Homo sapiens OX=9606 GN=CKM PE=1 SV=2, Creatine kinase M-type OS=Homo sapiens OX=9606 GN=CKM PE=1 SV=2, Creatine kinase M-type OS=Homo sapiens OX=9606 GN=CKM PE=1 SV=2",1272961.016,390410.9375,175950.375,,,,,,,,,,,,,,,,,,,,,,,,,,,
P16615,ATP2A2,"Sarcoplasmic/endoplasmic reticulum calcium ATPase 2 OS=Homo sapiens OX=9606 GN=ATP2A2 PE=1 SV=1, Sarcoplasmic/endoplasmic reticulum calcium ATPase 2 OS=Homo sapiens OX=9606 GN=ATP2A2 PE=1 SV=1, Sarcoplasmic/endoplasmic reticulum calcium ATPase 2 OS=Homo sapiens OX=9606 GN=ATP2A2 PE=1 SV=1",1396654.82,314391.625,145177.9844,,,,,,,,,,,,,,,,,,,,,,,,,,,
Q9NZT1,CALML5,"Calmodulin-like protein 5 OS=Homo sapiens OX=9606 GN=CALML5 PE=1 SV=2, Calmodulin-like protein 5 OS=Homo sapiens OX=9606 GN=CALML5 PE=1 SV=2, Calmodulin-like protein 5 OS=Homo sapiens OX=9606 GN=CALML5 PE=1 SV=2",1577341.625,916689.3906,1166716.516,,,,,,,,,,,,,,,,,,,,,,,,,,,
P25705,ATP5F1A,"ATP synthase subunit alpha, mitochondrial OS=Homo sapiens OX=9606 GN=ATP5F1A PE=1 SV=1, ATP synthase subunit alpha, mitochondrial OS=Homo sapiens OX=9606 GN=ATP5F1A PE=1 SV=1, ATP synthase subunit alpha, mitochondrial OS=Homo sapiens OX=9606 GN=ATP5F1A PE=1 SV=1",1745163.898,318213.4375,89351.67188,,,,,,,,,,,,,,,,,,,,,,,,,,,
P11142,HSPA8,"Heat shock cognate 71 kDa protein OS=Homo sapiens OX=9606 GN=HSPA8 PE=1 SV=1, Heat shock cognate 71 kDa protein OS=Homo sapiens OX=9606 GN=HSPA8 PE=1 SV=1, Heat shock cognate 71 kDa protein OS=Homo sapiens OX=9606 GN=HSPA8 PE=1 SV=1, Heat shock cognate 71 kDa protein OS=Homo sapiens OX=9606 GN=HSPA8 PE=1 SV=1",2801958.652,2879643.523,169336.1406,,,,,,,,,,,,,,,,,,,,,,,,,,,
P61247,RPS3A,"40S ribosomal protein S3a OS=Homo sapiens OX=9606 GN=RPS3A PE=1 SV=2, 40S ribosomal protein S3a OS=Homo sapiens OX=9606 GN=RPS3A PE=1 SV=2, 40S ribosomal protein S3a OS=Homo sapiens OX=9606 GN=RPS3A PE=1 SV=2",3654936.625,1146563.938,367600.3594,,,,,,,,,,,,,,,,,,,,,,,,,,,
P10809,HSPD1,"60 kDa heat shock protein, mitochondrial OS=Homo sapiens OX=9606 GN=HSPD1 PE=1 SV=2, 60 kDa heat shock protein, mitochondrial OS=Homo sapiens OX=9606 GN=HSPD1 PE=1 SV=2, 60 kDa heat shock protein, mitochondrial OS=Homo sapiens OX=9606 GN=HSPD1 PE=1 SV=2",4195661.129,668233.3125,104045.9922,,,,,,,,,,,,,,,,,,,,,,,,,,,
P17540,CKMT2,"Creatine kinase S-type, mitochondrial OS=Homo sapiens OX=9606 GN=CKMT2 PE=1 SV=2, Creatine kinase S-type, mitochondrial OS=Homo sapiens OX=9606 GN=CKMT2 PE=1 SV=2, Creatine kinase S-type, mitochondrial OS=Homo sapiens OX=9606 GN=CKMT2 PE=1 SV=2, Creatine kinase S-type, mitochondrial OS=Homo sapiens OX=9606 GN=CKMT2 PE=1 SV=2",6711180.375,2031977,791819.6719,,,,,,,,,,,,,,,,,,,,,,,,,,,
P06733,ENO1,"Alpha-enolase OS=Homo sapiens OX=9606 GN=ENO1 PE=1 SV=2, Alpha-enolase OS=Homo sapiens OX=9606 GN=ENO1 PE=1 SV=2, Alpha-enolase OS=Homo sapiens OX=9606 GN=ENO1 PE=1 SV=2",9725586.484,1043493.969,179479.9609,,,,,,,,,,,,,,,,,,,,,,,,,,,
P68363,TUBA1B,"Tubulin alpha-1B chain OS=Homo sapiens OX=9606 GN=TUBA1B PE=1 SV=1, Tubulin alpha-1B chain OS=Homo sapiens OX=9606 GN=TUBA1B PE=1 SV=1, Tubulin alpha-1B chain OS=Homo sapiens OX=9606 GN=TUBA1B PE=1 SV=1",12256265.76,2909784.547,332688.9766,,,,,,,,,,,,,,,,,,,,,,,,,,,
P05109,S100A8,"Protein S100-A8 OS=Homo sapiens OX=9606 GN=S100A8 PE=1 SV=1, Protein S100-A8 OS=Homo sapiens OX=9606 GN=S100A8 PE=1 SV=1, Protein S100-A8 OS=Homo sapiens OX=9606 GN=S100A8 PE=1 SV=1",14876207.56,614781.1875,1611437.688,,,,,,,,,,,,,,,,,,,,,,,,,,,
Q13151,HNRNPA0,"Heterogeneous nuclear ribonucleoprotein A0 OS=Homo sapiens OX=9606 GN=HNRNPA0 PE=1 SV=1, Heterogeneous nuclear ribonucleoprotein A0 OS=Homo sapiens OX=9606 GN=HNRNPA0 PE=1 SV=1",,34113.67969,,,,,,,,,,,,,,,,,,,,,,,,,,,,
P35580,MYH10,Myosin-10 OS=Homo sapiens OX=9606 GN=MYH10 PE=1 SV=3,,45476.22656,,,,,,,,,,,,,,,,,,,,,,,,,,,,
Q9BYE4,SPRR2G,Small proline-rich protein 2G OS=Homo sapiens OX=9606 GN=SPRR2G PE=3 SV=1,,60475.09766,,,,,,,,,,,,,,,,,,,,,,,,,,,,
Q14566,MCM6,DNA replication licensing factor MCM6 OS=Homo sapiens OX=9606 GN=MCM6 PE=1 SV=1,,64157.96094,,,,,,,,,,,,,,,,,,,,,,,,,,,,
P49327,FASN,Fatty acid synthase OS=Homo sapiens OX=9606 GN=FASN PE=1 SV=3,,64964.44922,,,,,,,,,,,,,,,,,,,,,,,,,,,,
P11387,TOP1,DNA topoisomerase 1 OS=Homo sapiens OX=9606 GN=TOP1 PE=1 SV=2,,69027.71875,,,,,,,,,,,,,,,,,,,,,,,,,,,,
Q92945,KHSRP,Far upstream element-binding protein 2 OS=Homo sapiens OX=9606 GN=KHSRP PE=1 SV=4,,80989.71094,,,,,,,,,,,,,,,,,,,,,,,,,,,,
Q15084,PDIA6,"Protein disulfide-isomerase A6 OS=Homo sapiens OX=9606 GN=PDIA6 PE=1 SV=1, Protein disulfide-isomerase A6 OS=Homo sapiens OX=9606 GN=PDIA6 PE=1 SV=1",,88919.63281,,,,,,,,,,,,,,,,,,,,,,,,,,,,
P02462,COL4A1,Collagen alpha-1(IV) chain OS=Homo sapiens OX=9606 GN=COL4A1 PE=1 SV=4,,90273.38281,,,,,,,,,,,,,,,,,,,,,,,,,,,,
P62263,RPS14,40S ribosomal protein S14 OS=Homo sapiens OX=9606 GN=RPS14 PE=1 SV=3,,97042.64844,,,,,,,,,,,,,,,,,,,,,,,,,,,,
Q02878,RPL6,60S ribosomal protein L6 OS=Homo sapiens OX=9606 GN=RPL6 PE=1 SV=3,,97826.71094,,,,,,,,,,,,,,,,,,,,,,,,,,,,
Q9NR30,DDX21,Nucleolar RNA helicase 2 OS=Homo sapiens OX=9606 GN=DDX21 PE=1 SV=5,,98234.71875,,,,,,,,,,,,,,,,,,,,,,,,,,,,
P02511,CRYAB,"Alpha-crystallin B chain OS=Homo sapiens OX=9606 GN=CRYAB PE=1 SV=2, Alpha-crystallin B chain OS=Homo sapiens OX=9606 GN=CRYAB PE=1 SV=2, Alpha-crystallin B chain OS=Homo sapiens OX=9606 GN=CRYAB PE=1 SV=2",,99526.80469,,,,,,,,,,,,,,,,,,,,,,,,,,,,
Q6ZUB1,SPATA31E1,Spermatogenesis-associated protein 31E1 OS=Homo sapiens OX=9606 GN=SPATA31E1 PE=2 SV=2,,107444.1016,,,,,,,,,,,,,,,,,,,,,,,,,,,,
Q09028,RBBP4,Histone-binding protein RBBP4 OS=Homo sapiens OX=9606 GN=RBBP4 PE=1 SV=3,,107657.3359,,,,,,,,,,,,,,,,,,,,,,,,,,,,
P62913,RPL11,60S ribosomal protein L11 OS=Homo sapiens OX=9606 GN=RPL11 PE=1 SV=2,,111009.6094,,,,,,,,,,,,,,,,,,,,,,,,,,,,
P09874,PARP1,Poly [ADP-ribose] polymerase 1 OS=Homo sapiens OX=9606 GN=PARP1 PE=1 SV=4,,114766.0469,,,,,,,,,,,,,,,,,,,,,,,,,,,,
Q5T750,KPLCE,"Skin-specific protein 32 OS=Homo sapiens OX=9606 GN=XP32 PE=1 SV=1, Skin-specific protein 32 OS=Homo sapiens OX=9606 GN=XP32 PE=1 SV=1",,119731.4063,,,,,,,,,,,,,,,,,,,,,,,,,,,,
Q9NVM9,INTS13,Integrator complex subunit 13 OS=Homo sapiens OX=9606 GN=INTS13 PE=1 SV=2,,124852.4766,,,,,,,,,,,,,,,,,,,,,,,,,,,,
Q15323,KRT31,"Keratin, type I cuticular Ha1 OS=Homo sapiens OX=9606 GN=KRT31 PE=1 SV=3",,126743.1602,,,,,,,,,,,,,,,,,,,,,,,,,,,,
P84098,RPL19,60S ribosomal protein L19 OS=Homo sapiens OX=9606 GN=RPL19 PE=1 SV=1,,134730.5938,,,,,,,,,,,,,,,,,,,,,,,,,,,,
O43390,HNRNPR,Heterogeneous nuclear ribonucleoprotein R OS=Homo sapiens OX=9606 GN=HNRNPR PE=1 SV=1,,147069.2656,,,,,,,,,,,,,,,,,,,,,,,,,,,,
P23284,PPIB,Peptidyl-prolyl cis-trans isomerase B OS=Homo sapiens OX=9606 GN=PPIB PE=1 SV=2,,156330.5625,,,,,,,,,,,,,,,,,,,,,,,,,,,,
P17096,HMGA1,High mobility group protein HMG-I/HMG-Y OS=Homo sapiens OX=9606 GN=HMGA1 PE=1 SV=3,,163210.4375,,,,,,,,,,,,,,,,,,,,,,,,,,,,
P62851,RPS25,40S ribosomal protein S25 OS=Homo sapiens OX=9606 GN=RPS25 PE=1 SV=1,,163288.3281,,,,,,,,,,,,,,,,,,,,,,,,,,,,
P0DME0,SETSIP,Protein SETSIP OS=Homo sapiens OX=9606 GN=SETSIP PE=1 SV=1,,173189.6563,,,,,,,,,,,,,,,,,,,,,,,,,,,,
P83731,RPL24,60S ribosomal protein L24 OS=Homo sapiens OX=9606 GN=RPL24 PE=1 SV=1,,174555.5,,,,,,,,,,,,,,,,,,,,,,,,,,,,
Q8TER5,ARHGEF40,Rho guanine nucleotide exchange factor 40 OS=Homo sapiens OX=9606 GN=ARHGEF40 PE=1 SV=3,,183270.9219,,,,,,,,,,,,,,,,,,,,,,,,,,,,
P50914,RPL14,60S ribosomal protein L14 OS=Homo sapiens OX=9606 GN=RPL14 PE=1 SV=4,,210281.6406,,,,,,,,,,,,,,,,,,,,,,,,,,,,
O15347,HMGB3,High mobility group protein B3 OS=Homo sapiens OX=9606 GN=HMGB3 PE=1 SV=4,,276964.9063,,,,,,,,,,,,,,,,,,,,,,,,,,,,
P62826,RAN,GTP-binding nuclear protein Ran OS=Homo sapiens OX=9606 GN=RAN PE=1 SV=3,,279738.5938,,,,,,,,,,,,,,,,,,,,,,,,,,,,
Q8NC56,LEMD2,LEM domain-containing protein 2 OS=Homo sapiens OX=9606 GN=LEMD2 PE=1 SV=1,,289579.6875,,,,,,,,,,,,,,,,,,,,,,,,,,,,
P55854,SUMO3,Small ubiquitin-related modifier 3 OS=Homo sapiens OX=9606 GN=SUMO3 PE=1 SV=2,,296620.6875,,,,,,,,,,,,,,,,,,,,,,,,,,,,
P12814,ACTN1,Alpha-actinin-1 OS=Homo sapiens OX=9606 GN=ACTN1 PE=1 SV=2,,375616.1016,,,,,,,,,,,,,,,,,,,,,,,,,,,,
P23246,SFPQ,"Splicing factor, proline- and glutamine-rich OS=Homo sapiens OX=9606 GN=SFPQ PE=1 SV=2",,426559.6484,,,,,,,,,,,,,,,,,,,,,,,,,,,,
Q14103,HNRNPD,Heterogeneous nuclear ribonucleoprotein D0 OS=Homo sapiens OX=9606 GN=HNRNPD PE=1 SV=1,,477277.5625,,,,,,,,,,,,,,,,,,,,,,,,,,,,
P12235,SLC25A4,ADP/ATP translocase 1 OS=Homo sapiens OX=9606 GN=SLC25A4 PE=1 SV=4,,583130.2188,,,,,,,,,,,,,,,,,,,,,,,,,,,,
Q14533,KRT81,"Keratin, type II cuticular Hb1 OS=Homo sapiens OX=9606 GN=KRT81 PE=1 SV=3",,1052124.863,,,,,,,,,,,,,,,,,,,,,,,,,,,,
Q92841,DDX17,Probable ATP-dependent RNA helicase DDX17 OS=Homo sapiens OX=9606 GN=DDX17 PE=1 SV=2,,1118965.281,,,,,,,,,,,,,,,,,,,,,,,,,,,,
O43684,BUB3,"Mitotic checkpoint protein BUB3 OS=Homo sapiens OX=9606 GN=BUB3 PE=1 SV=1, Mitotic checkpoint protein BUB3 OS=Homo sapiens OX=9606 GN=BUB3 PE=1 SV=1",,55311.35547,,,,,,,,,,,,,,,,,,,,,,,,,,,,
Q01082,SPTBN1,"Spectrin beta chain, non-erythrocytic 1 OS=Homo sapiens OX=9606 GN=SPTBN1 PE=1 SV=2, Spectrin beta chain, non-erythrocytic 1 OS=Homo sapiens OX=9606 GN=SPTBN1 PE=1 SV=2",,145225.6367,,,,,,,,,,,,,,,,,,,,,,,,,,,,
Q92918,MAP4K1,"Mitogen-activated protein kinase kinase kinase kinase 1 OS=Homo sapiens OX=9606 GN=MAP4K1 PE=1 SV=1, Mitogen-activated protein kinase kinase kinase kinase 1 OS=Homo sapiens OX=9606 GN=MAP4K1 PE=1 SV=1",,200412.3281,,,,,,,,,,,,,,,,,,,,,,,,,,,,
P04040,CAT,"Catalase OS=Homo sapiens OX=9606 GN=CAT PE=1 SV=3, Catalase OS=Homo sapiens OX=9606 GN=CAT PE=1 SV=3, Catalase OS=Homo sapiens OX=9606 GN=CAT PE=1 SV=3",67482.875,77143.07813,,,,,,,,,,,,,,,,,,,,,,,,,,,,
P35268,RPL22,"60S ribosomal protein L22 OS=Homo sapiens OX=9606 GN=RPL22 PE=1 SV=2, 60S ribosomal protein L22 OS=Homo sapiens OX=9606 GN=RPL22 PE=1 SV=2",105678.8125,145598.1563,,,,,,,,,,,,,,,,,,,,,,,,,,,,
Q08211,DHX9,"ATP-dependent RNA helicase A OS=Homo sapiens OX=9606 GN=DHX9 PE=1 SV=4, ATP-dependent RNA helicase A OS=Homo sapiens OX=9606 GN=DHX9 PE=1 SV=4",113657.5703,359965.1172,,,,,,,,,,,,,,,,,,,,,,,,,,,,
P08865,RPSA,"40S ribosomal protein SA OS=Homo sapiens OX=9606 GN=RPSA PE=1 SV=4, 40S ribosomal protein SA OS=Homo sapiens OX=9606 GN=RPSA PE=1 SV=4",130181.4297,327006.1094,,,,,,,,,,,,,,,,,,,,,,,,,,,,
P68104,EEF1A1,"Elongation factor 1-alpha 1 OS=Homo sapiens OX=9606 GN=EEF1A1 PE=1 SV=1, Elongation factor 1-alpha 1 OS=Homo sapiens OX=9606 GN=EEF1A1 PE=1 SV=1",135128.7344,2077135,,,,,,,,,,,,,,,,,,,,,,,,,,,,
P21333,FLNA,"Filamin-A OS=Homo sapiens OX=9606 GN=FLNA PE=1 SV=4, Filamin-A OS=Homo sapiens OX=9606 GN=FLNA PE=1 SV=4",168233.2148,2561991.078,,,,,,,,,,,,,,,,,,,,,,,,,,,,
P62937,PPIA,"Peptidyl-prolyl cis-trans isomerase A OS=Homo sapiens OX=9606 GN=PPIA PE=1 SV=2, Peptidyl-prolyl cis-trans isomerase A OS=Homo sapiens OX=9606 GN=PPIA PE=1 SV=2",186654.5938,81899.09375,,,,,,,,,,,,,,,,,,,,,,,,,,,,
P52272,HNRNPM,"Heterogeneous nuclear ribonucleoprotein M OS=Homo sapiens OX=9606 GN=HNRNPM PE=1 SV=3, Heterogeneous nuclear ribonucleoprotein M OS=Homo sapiens OX=9606 GN=HNRNPM PE=1 SV=3",202503.5469,164834.8906,,,,,,,,,,,,,,,,,,,,,,,,,,,,
P51991,HNRNPA3,"Heterogeneous nuclear ribonucleoprotein A3 OS=Homo sapiens OX=9606 GN=HNRNPA3 PE=1 SV=2, Heterogeneous nuclear ribonucleoprotein A3 OS=Homo sapiens OX=9606 GN=HNRNPA3 PE=1 SV=2",205656.3594,133560.3594,,,,,,,,,,,,,,,,,,,,,,,,,,,,
P62241,RPS8,"40S ribosomal protein S8 OS=Homo sapiens OX=9606 GN=RPS8 PE=1 SV=2, 40S ribosomal protein S8 OS=Homo sapiens OX=9606 GN=RPS8 PE=1 SV=2",223188.75,447495.5391,,,,,,,,,,,,,,,,,,,,,,,,,,,,
P23396,RPS3,"40S ribosomal protein S3 OS=Homo sapiens OX=9606 GN=RPS3 PE=1 SV=2, 40S ribosomal protein S3 OS=Homo sapiens OX=9606 GN=RPS3 PE=1 SV=2",242029.7813,106626.3516,,,,,,,,,,,,,,,,,,,,,,,,,,,,
O43707,ACTN4,"Alpha-actinin-4 OS=Homo sapiens OX=9606 GN=ACTN4 PE=1 SV=2, Alpha-actinin-4 OS=Homo sapiens OX=9606 GN=ACTN4 PE=1 SV=2",266076.7734,70019.29688,,,,,,,,,,,,,,,,,,,,,,,,,,,,
P12956,XRCC6,"X-ray repair cross-complementing protein 6 OS=Homo sapiens OX=9606 GN=XRCC6 PE=1 SV=2, X-ray repair cross-complementing protein 6 OS=Homo sapiens OX=9606 GN=XRCC6 PE=1 SV=2",275183.0938,92017.54688,,,,,,,,,,,,,,,,,,,,,,,,,,,,
P05198,EIF2S1,"Eukaryotic translation initiation factor 2 subunit 1 OS=Homo sapiens OX=9606 GN=EIF2S1 PE=1 SV=3, Eukaryotic translation initiation factor 2 subunit 1 OS=Homo sapiens OX=9606 GN=EIF2S1 PE=1 SV=3",291063.6875,79200.52344,,,,,,,,,,,,,,,,,,,,,,,,,,,,
P61513,RPL37A,"60S ribosomal protein L37a OS=Homo sapiens OX=9606 GN=RPL37A PE=1 SV=2, 60S ribosomal protein L37a OS=Homo sapiens OX=9606 GN=RPL37A PE=1 SV=2",293070.75,99127.86719,,,,,,,,,,,,,,,,,,,,,,,,,,,,
P22087,FBL,"rRNA 2'-O-methyltransferase fibrillarin OS=Homo sapiens OX=9606 GN=FBL PE=1 SV=2, rRNA 2'-O-methyltransferase fibrillarin OS=Homo sapiens OX=9606 GN=FBL PE=1 SV=2",315983.9063,128005.25,,,,,,,,,,,,,,,,,,,,,,,,,,,,
Q9NQ39,RPS10P5,"Putative 40S ribosomal protein S10-like OS=Homo sapiens OX=9606 GN=RPS10P5 PE=5 SV=1, Putative 40S ribosomal protein S10-like OS=Homo sapiens OX=9606 GN=RPS10P5 PE=5 SV=1",321938.4688,52009.29688,,,,,,,,,,,,,,,,,,,,,,,,,,,,
P32119,PRDX2,"Peroxiredoxin-2 OS=Homo sapiens OX=9606 GN=PRDX2 PE=1 SV=5, Peroxiredoxin-2 OS=Homo sapiens OX=9606 GN=PRDX2 PE=1 SV=5",325918.75,110415.8672,,,,,,,,,,,,,,,,,,,,,,,,,,,,
P49588,AARS1,"Alanine--tRNA ligase, cytoplasmic OS=Homo sapiens OX=9606 GN=AARS1 PE=1 SV=2, Alanine--tRNA ligase, cytoplasmic OS=Homo sapiens OX=9606 GN=AARS1 PE=1 SV=2",365822.6953,56154.9375,,,,,,,,,,,,,,,,,,,,,,,,,,,,
P06396,GSN,"Gelsolin OS=Homo sapiens OX=9606 GN=GSN PE=1 SV=1, Gelsolin OS=Homo sapiens OX=9606 GN=GSN PE=1 SV=1",374818.2188,100648.5391,,,,,,,,,,,,,,,,,,,,,,,,,,,,
Q9UQ80,PA2G4,"Proliferation-associated protein 2G4 OS=Homo sapiens OX=9606 GN=PA2G4 PE=1 SV=3, Proliferation-associated protein 2G4 OS=Homo sapiens OX=9606 GN=PA2G4 PE=1 SV=3",396866.2813,152252.2656,,,,,,,,,,,,,,,,,,,,,,,,,,,,
P50990,CCT8,"T-complex protein 1 subunit theta OS=Homo sapiens OX=9606 GN=CCT8 PE=1 SV=4, T-complex protein 1 subunit theta OS=Homo sapiens OX=9606 GN=CCT8 PE=1 SV=4",430397.7695,55706.96484,,,,,,,,,,,,,,,,,,,,,,,,,,,,
P14625,HSP90B1,"Endoplasmin OS=Homo sapiens OX=9606 GN=HSP90B1 PE=1 SV=1, Endoplasmin OS=Homo sapiens OX=9606 GN=HSP90B1 PE=1 SV=1",431061.6289,326952.6953,,,,,,,,,,,,,,,,,,,,,,,,,,,,
Q12906,ILF3,"Interleukin enhancer-binding factor 3 OS=Homo sapiens OX=9606 GN=ILF3 PE=1 SV=3, Interleukin enhancer-binding factor 3 OS=Homo sapiens OX=9606 GN=ILF3 PE=1 SV=3",431305.3594,53813.76172,,,,,,,,,,,,,,,,,,,,,,,,,,,,
Q13263,TRIM28,"Transcription intermediary factor 1-beta OS=Homo sapiens OX=9606 GN=TRIM28 PE=1 SV=5, Transcription intermediary factor 1-beta OS=Homo sapiens OX=9606 GN=TRIM28 PE=1 SV=5, Transcription intermediary factor 1-beta OS=Homo sapiens OX=9606 GN=TRIM28 PE=1 SV=5",444258.1602,103783.4688,,,,,,,,,,,,,,,,,,,,,,,,,,,,
Q16658,FSCN1,"Fascin OS=Homo sapiens OX=9606 GN=FSCN1 PE=1 SV=3, Fascin OS=Homo sapiens OX=9606 GN=FSCN1 PE=1 SV=3, Fascin OS=Homo sapiens OX=9606 GN=FSCN1 PE=1 SV=3",455234.1484,354831.75,,,,,,,,,,,,,,,,,,,,,,,,,,,,
P08238,HSP90AB1,"Heat shock protein HSP 90-beta OS=Homo sapiens OX=9606 GN=HSP90AB1 PE=1 SV=4, Heat shock protein HSP 90-beta OS=Homo sapiens OX=9606 GN=HSP90AB1 PE=1 SV=4",471564.6719,3553758.195,,,,,,,,,,,,,,,,,,,,,,,,,,,,
P31943,HNRNPH1,"Heterogeneous nuclear ribonucleoprotein H OS=Homo sapiens OX=9606 GN=HNRNPH1 PE=1 SV=4, Heterogeneous nuclear ribonucleoprotein H OS=Homo sapiens OX=9606 GN=HNRNPH1 PE=1 SV=4",518024.4063,86851.11719,,,,,,,,,,,,,,,,,,,,,,,,,,,,
P38646,HSPA9,"Stress-70 protein, mitochondrial OS=Homo sapiens OX=9606 GN=HSPA9 PE=1 SV=2, Stress-70 protein, mitochondrial OS=Homo sapiens OX=9606 GN=HSPA9 PE=1 SV=2",539577.332,176955.9453,,,,,,,,,,,,,,,,,,,,,,,,,,,,
Q9UHD9,UBQLN2,"Ubiquilin-2 OS=Homo sapiens OX=9606 GN=UBQLN2 PE=1 SV=2, Ubiquilin-2 OS=Homo sapiens OX=9606 GN=UBQLN2 PE=1 SV=2, Ubiquilin-2 OS=Homo sapiens OX=9606 GN=UBQLN2 PE=1 SV=2",574765.7813,104311.0625,,,,,,,,,,,,,,,,,,,,,,,,,,,,
P33991,MCM4,"DNA replication licensing factor MCM4 OS=Homo sapiens OX=9606 GN=MCM4 PE=1 SV=5, DNA replication licensing factor MCM4 OS=Homo sapiens OX=9606 GN=MCM4 PE=1 SV=5",592094.2031,125857.7344,,,,,,,,,,,,,,,,,,,,,,,,,,,,
P83916,CBX1,"Chromobox protein homolog 1 OS=Homo sapiens OX=9606 GN=CBX1 PE=1 SV=1, Chromobox protein homolog 1 OS=Homo sapiens OX=9606 GN=CBX1 PE=1 SV=1",644679.0313,71063.35938,,,,,,,,,,,,,,,,,,,,,,,,,,,,
P61978,HNRNPK,"Heterogeneous nuclear ribonucleoprotein K OS=Homo sapiens OX=9606 GN=HNRNPK PE=1 SV=1, Heterogeneous nuclear ribonucleoprotein K OS=Homo sapiens OX=9606 GN=HNRNPK PE=1 SV=1",662811.8906,861723.9375,,,,,,,,,,,,,,,,,,,,,,,,,,,,
O43852,CALU,"Calumenin OS=Homo sapiens OX=9606 GN=CALU PE=1 SV=2, Calumenin OS=Homo sapiens OX=9606 GN=CALU PE=1 SV=2",842746.875,121407.7031,,,,,,,,,,,,,,,,,,,,,,,,,,,,
Q99832,CCT7,"T-complex protein 1 subunit eta OS=Homo sapiens OX=9606 GN=CCT7 PE=1 SV=2, T-complex protein 1 subunit eta OS=Homo sapiens OX=9606 GN=CCT7 PE=1 SV=2",855788.75,163869.7969,,,,,,,,,,,,,,,,,,,,,,,,,,,,
P30101,PDIA3,"Protein disulfide-isomerase A3 OS=Homo sapiens OX=9606 GN=PDIA3 PE=1 SV=4, Protein disulfide-isomerase A3 OS=Homo sapiens OX=9606 GN=PDIA3 PE=1 SV=4",871073.0781,309276.0625,,,,,,,,,,,,,,,,,,,,,,,,,,,,
P15880,RPS2,"40S ribosomal protein S2 OS=Homo sapiens OX=9606 GN=RPS2 PE=1 SV=2, 40S ribosomal protein S2 OS=Homo sapiens OX=9606 GN=RPS2 PE=1 SV=2",878764.5313,48565.55859,,,,,,,,,,,,,,,,,,,,,,,,,,,,
P34897,SHMT2,"Serine hydroxymethyltransferase, mitochondrial OS=Homo sapiens OX=9606 GN=SHMT2 PE=1 SV=3, Serine hydroxymethyltransferase, mitochondrial OS=Homo sapiens OX=9606 GN=SHMT2 PE=1 SV=3",880340.5078,66977.70313,,,,,,,,,,,,,,,,,,,,,,,,,,,,
P40227,CCT6A,"T-complex protein 1 subunit zeta OS=Homo sapiens OX=9606 GN=CCT6A PE=1 SV=3, T-complex protein 1 subunit zeta OS=Homo sapiens OX=9606 GN=CCT6A PE=1 SV=3",929183.5781,56599.64453,,,,,,,,,,,,,,,,,,,,,,,,,,,,
P60842,EIF4A1,"Eukaryotic initiation factor 4A-I OS=Homo sapiens OX=9606 GN=EIF4A1 PE=1 SV=1, Eukaryotic initiation factor 4A-I OS=Homo sapiens OX=9606 GN=EIF4A1 PE=1 SV=1",964701.9922,356192.9922,,,,,,,,,,,,,,,,,,,,,,,,,,,,
P09382,LGALS1,"Galectin-1 OS=Homo sapiens OX=9606 GN=LGALS1 PE=1 SV=2, Galectin-1 OS=Homo sapiens OX=9606 GN=LGALS1 PE=1 SV=2",1004608.828,167976.0781,,,,,,,,,,,,,,,,,,,,,,,,,,,,
P78527,PRKDC,"DNA-dependent protein kinase catalytic subunit OS=Homo sapiens OX=9606 GN=PRKDC PE=1 SV=3, DNA-dependent protein kinase catalytic subunit OS=Homo sapiens OX=9606 GN=PRKDC PE=1 SV=3",1007821.883,88407.84375,,,,,,,,,,,,,,,,,,,,,,,,,,,,
P29401,TKT,"Transketolase OS=Homo sapiens OX=9606 GN=TKT PE=1 SV=3, Transketolase OS=Homo sapiens OX=9606 GN=TKT PE=1 SV=3",1025548.031,142969.7344,,,,,,,,,,,,,,,,,,,,,,,,,,,,
P07437,TUBB,"Tubulin beta chain OS=Homo sapiens OX=9606 GN=TUBB PE=1 SV=2, Tubulin beta chain OS=Homo sapiens OX=9606 GN=TUBB PE=1 SV=2",1043386.609,626248.1875,,,,,,,,,,,,,,,,,,,,,,,,,,,,
P13639,EEF2,"Elongation factor 2 OS=Homo sapiens OX=9606 GN=EEF2 PE=1 SV=4, Elongation factor 2 OS=Homo sapiens OX=9606 GN=EEF2 PE=1 SV=4",1108678.336,393602.9219,,,,,,,,,,,,,,,,,,,,,,,,,,,,
O60814,H2BC12,"Histone H2B type 1-K OS=Homo sapiens OX=9606 GN=H2BC12 PE=1 SV=3, Histone H2B type 1-K OS=Homo sapiens OX=9606 GN=H2BC12 PE=1 SV=3",1128698.031,279375.0938,,,,,,,,,,,,,,,,,,,,,,,,,,,,
P60900,PSMA6,"Proteasome subunit alpha type-6 OS=Homo sapiens OX=9606 GN=PSMA6 PE=1 SV=1, Proteasome subunit alpha type-6 OS=Homo sapiens OX=9606 GN=PSMA6 PE=1 SV=1",1163455.484,311105.8438,,,,,,,,,,,,,,,,,,,,,,,,,,,,
P21796,VDAC1,"Voltage-dependent anion-selective channel protein 1 OS=Homo sapiens OX=9606 GN=VDAC1 PE=1 SV=2, Voltage-dependent anion-selective channel protein 1 OS=Homo sapiens OX=9606 GN=VDAC1 PE=1 SV=2",1240318.844,265115.7578,,,,,,,,,,,,,,,,,,,,,,,,,,,,
O75369,FLNB,"Filamin-B OS=Homo sapiens OX=9606 GN=FLNB PE=1 SV=2, Filamin-B OS=Homo sapiens OX=9606 GN=FLNB PE=1 SV=2",1244080.875,231308.375,,,,,,,,,,,,,,,,,,,,,,,,,,,,
P46782,RPS5,"40S ribosomal protein S5 OS=Homo sapiens OX=9606 GN=RPS5 PE=1 SV=4, 40S ribosomal protein S5 OS=Homo sapiens OX=9606 GN=RPS5 PE=1 SV=4",1272910.063,146890.6094,,,,,,,,,,,,,,,,,,,,,,,,,,,,
P48643,CCT5,"T-complex protein 1 subunit epsilon OS=Homo sapiens OX=9606 GN=CCT5 PE=1 SV=1, T-complex protein 1 subunit epsilon OS=Homo sapiens OX=9606 GN=CCT5 PE=1 SV=1, T-complex protein 1 subunit epsilon OS=Homo sapiens OX=9606 GN=CCT5 PE=1 SV=1",1369838.438,453080.2813,,,,,,,,,,,,,,,,,,,,,,,,,,,,
P63244,RACK1,"Receptor of activated protein C kinase 1 OS=Homo sapiens OX=9606 GN=RACK1 PE=1 SV=3, Receptor of activated protein C kinase 1 OS=Homo sapiens OX=9606 GN=RACK1 PE=1 SV=3",1389113.547,137915.9844,,,,,,,,,,,,,,,,,,,,,,,,,,,,
P26599,PTBP1,"Polypyrimidine tract-binding protein 1 OS=Homo sapiens OX=9606 GN=PTBP1 PE=1 SV=1, Polypyrimidine tract-binding protein 1 OS=Homo sapiens OX=9606 GN=PTBP1 PE=1 SV=1",1496493.953,211606.4375,,,,,,,,,,,,,,,,,,,,,,,,,,,,
P11021,HSPA5,"Endoplasmic reticulum chaperone BiP OS=Homo sapiens OX=9606 GN=HSPA5 PE=1 SV=2, Endoplasmic reticulum chaperone BiP OS=Homo sapiens OX=9606 GN=HSPA5 PE=1 SV=2, Endoplasmic reticulum chaperone BiP OS=Homo sapiens OX=9606 GN=HSPA5 PE=1 SV=2",1549595.227,482638.2148,,,,,,,,,,,,,,,,,,,,,,,,,,,,
Q99714,HSD17B10,"3-hydroxyacyl-CoA dehydrogenase type-2 OS=Homo sapiens OX=9606 GN=HSD17B10 PE=1 SV=3, 3-hydroxyacyl-CoA dehydrogenase type-2 OS=Homo sapiens OX=9606 GN=HSD17B10 PE=1 SV=3",1557578.984,161632.0781,,,,,,,,,,,,,,,,,,,,,,,,,,,,
P45880,VDAC2,"Voltage-dependent anion-selective channel protein 2 OS=Homo sapiens OX=9606 GN=VDAC2 PE=1 SV=2, Voltage-dependent anion-selective channel protein 2 OS=Homo sapiens OX=9606 GN=VDAC2 PE=1 SV=2",1596453.445,91772.63281,,,,,,,,,,,,,,,,,,,,,,,,,,,,
P09651,HNRNPA1,"Heterogeneous nuclear ribonucleoprotein A1 OS=Homo sapiens OX=9606 GN=HNRNPA1 PE=1 SV=5, Heterogeneous nuclear ribonucleoprotein A1 OS=Homo sapiens OX=9606 GN=HNRNPA1 PE=1 SV=5",1661725.984,297377.7188,,,,,,,,,,,,,,,,,,,,,,,,,,,,
P22626,HNRNPA2B1,"Heterogeneous nuclear ribonucleoproteins A2/B1 OS=Homo sapiens OX=9606 GN=HNRNPA2B1 PE=1 SV=2, Heterogeneous nuclear ribonucleoproteins A2/B1 OS=Homo sapiens OX=9606 GN=HNRNPA2B1 PE=1 SV=2",1775964.625,276977.5,,,,,,,,,,,,,,,,,,,,,,,,,,,,
P04908,H2AC4; H2AC8,"Histone H2A type 1-B/E OS=Homo sapiens OX=9606 GN=H2AC4 PE=1 SV=2, Histone H2A type 1-B/E OS=Homo sapiens OX=9606 GN=H2AC4 PE=1 SV=2",1837266.375,84940.49219,,,,,,,,,,,,,,,,,,,,,,,,,,,,
P06748,NPM1,"Nucleophosmin OS=Homo sapiens OX=9606 GN=NPM1 PE=1 SV=2, Nucleophosmin OS=Homo sapiens OX=9606 GN=NPM1 PE=1 SV=2",1986553,1532088,,,,,,,,,,,,,,,,,,,,,,,,,,,,
P62805,H4C1; H4C11; H4C12; H4C13; H4C14; H4C15; H4C16; H4C2; H4C3; H4C4; H4C5; H4C6; H4C8; H4C9,"Histone H4 OS=Homo sapiens OX=9606 GN=H4C1 PE=1 SV=2, Histone H4 OS=Homo sapiens OX=9606 GN=H4C1 PE=1 SV=2",2122038.883,312233.0938,,,,,,,,,,,,,,,,,,,,,,,,,,,,
P19338,NCL,"Nucleolin OS=Homo sapiens OX=9606 GN=NCL PE=1 SV=3, Nucleolin OS=Homo sapiens OX=9606 GN=NCL PE=1 SV=3",2225449.156,2757522.797,,,,,,,,,,,,,,,,,,,,,,,,,,,,
P07737,PFN1,"Profilin-1 OS=Homo sapiens OX=9606 GN=PFN1 PE=1 SV=2, Profilin-1 OS=Homo sapiens OX=9606 GN=PFN1 PE=1 SV=2",2339513.582,304882.1563,,,,,,,,,,,,,,,,,,,,,,,,,,,,
Q9BQE3,TUBA1C,"Tubulin alpha-1C chain OS=Homo sapiens OX=9606 GN=TUBA1C PE=1 SV=1, Tubulin alpha-1C chain OS=Homo sapiens OX=9606 GN=TUBA1C PE=1 SV=1, Tubulin alpha-1C chain OS=Homo sapiens OX=9606 GN=TUBA1C PE=1 SV=1",2349328.094,198944.6406,,,,,,,,,,,,,,,,,,,,,,,,,,,,
P78371,CCT2,"T-complex protein 1 subunit beta OS=Homo sapiens OX=9606 GN=CCT2 PE=1 SV=4, T-complex protein 1 subunit beta OS=Homo sapiens OX=9606 GN=CCT2 PE=1 SV=4, T-complex protein 1 subunit beta OS=Homo sapiens OX=9606 GN=CCT2 PE=1 SV=4",2496699.938,127491.3828,,,,,,,,,,,,,,,,,,,,,,,,,,,,
P00558,PGK1,"Phosphoglycerate kinase 1 OS=Homo sapiens OX=9606 GN=PGK1 PE=1 SV=3, Phosphoglycerate kinase 1 OS=Homo sapiens OX=9606 GN=PGK1 PE=1 SV=3",2532845.367,71790.86719,,,,,,,,,,,,,,,,,,,,,,,,,,,,
Q00839,HNRNPU,"Heterogeneous nuclear ribonucleoprotein U OS=Homo sapiens OX=9606 GN=HNRNPU PE=1 SV=6, Heterogeneous nuclear ribonucleoprotein U OS=Homo sapiens OX=9606 GN=HNRNPU PE=1 SV=6",2703567.625,1734597.938,,,,,,,,,,,,,,,,,,,,,,,,,,,,
Q9UDV7,ZNF282,Zinc finger protein 282 OS=Homo sapiens OX=9606 GN=ZNF282 PE=1 SV=3,29994.67969,,,,,,,,,,,,,,,,,,,,,,,,,,,,,
P05387,RPLP2,60S acidic ribosomal protein P2 OS=Homo sapiens OX=9606 GN=RPLP2 PE=1 SV=1,31191.4707,,,,,,,,,,,,,,,,,,,,,,,,,,,,,
Q9Y4L1,HYOU1,Hypoxia up-regulated protein 1 OS=Homo sapiens OX=9606 GN=HYOU1 PE=1 SV=1,44833.17578,,,,,,,,,,,,,,,,,,,,,,,,,,,,,
O00203,AP3B1,AP-3 complex subunit beta-1 OS=Homo sapiens OX=9606 GN=AP3B1 PE=1 SV=3,48224.25781,,,,,,,,,,,,,,,,,,,,,,,,,,,,,
Q53S08,RAB6D,Ras-related protein Rab-6D OS=Homo sapiens OX=9606 GN=RAB6D PE=2 SV=1,48904.09375,,,,,,,,,,,,,,,,,,,,,,,,,,,,,
P05556,ITGB1,Integrin beta-1 OS=Homo sapiens OX=9606 GN=ITGB1 PE=1 SV=2,54553.78125,,,,,,,,,,,,,,,,,,,,,,,,,,,,,
O60610,DIAPH1,Protein diaphanous homolog 1 OS=Homo sapiens OX=9606 GN=DIAPH1 PE=1 SV=2,55630.25781,,,,,,,,,,,,,,,,,,,,,,,,,,,,,
Q8NI36,WDR36,WD repeat-containing protein 36 OS=Homo sapiens OX=9606 GN=WDR36 PE=1 SV=1,56017.83984,,,,,,,,,,,,,,,,,,,,,,,,,,,,,
Q14204,DYNC1H1,Cytoplasmic dynein 1 heavy chain 1 OS=Homo sapiens OX=9606 GN=DYNC1H1 PE=1 SV=5,56164.28125,,,,,,,,,,,,,,,,,,,,,,,,,,,,,
P82970,HMGN5,High mobility group nucleosome-binding domain-containing protein 5 OS=Homo sapiens OX=9606 GN=HMGN5 PE=1 SV=1,58298.44531,,,,,,,,,,,,,,,,,,,,,,,,,,,,,
P49915,GMPS,GMP synthase [glutamine-hydrolyzing] OS=Homo sapiens OX=9606 GN=GMPS PE=1 SV=1,59026.44922,,,,,,,,,,,,,,,,,,,,,,,,,,,,,
Q14152,EIF3A,"Eukaryotic translation initiation factor 3 subunit A OS=Homo sapiens OX=9606 GN=EIF3A PE=1 SV=1, Eukaryotic translation initiation factor 3 subunit A OS=Homo sapiens OX=9606 GN=EIF3A PE=1 SV=1",59436.09375,,,,,,,,,,,,,,,,,,,,,,,,,,,,,
O75643,SNRNP200,U5 small nuclear ribonucleoprotein 200 kDa helicase OS=Homo sapiens OX=9606 GN=SNRNP200 PE=1 SV=2,59654.42969,,,,,,,,,,,,,,,,,,,,,,,,,,,,,
Q15003,NCAPH,Condensin complex subunit 2 OS=Homo sapiens OX=9606 GN=NCAPH PE=1 SV=3,60914.66406,,,,,,,,,,,,,,,,,,,,,,,,,,,,,
Q14232,EIF2B1,Translation initiation factor eIF-2B subunit alpha OS=Homo sapiens OX=9606 GN=EIF2B1 PE=1 SV=1,61512.19141,,,,,,,,,,,,,,,,,,,,,,,,,,,,,
Q7L1Q6,BZW1,eIF5-mimic protein 2 OS=Homo sapiens OX=9606 GN=BZW1 PE=1 SV=1,63034.10156,,,,,,,,,,,,,,,,,,,,,,,,,,,,,
Q99623,PHB2,Prohibitin-2 OS=Homo sapiens OX=9606 GN=PHB2 PE=1 SV=2,64454.13281,,,,,,,,,,,,,,,,,,,,,,,,,,,,,
P62318,SNRPD3,Small nuclear ribonucleoprotein Sm D3 OS=Homo sapiens OX=9606 GN=SNRPD3 PE=1 SV=1,65331.14844,,,,,,,,,,,,,,,,,,,,,,,,,,,,,
O95373,IPO7,Importin-7 OS=Homo sapiens OX=9606 GN=IPO7 PE=1 SV=1,65847.73438,,,,,,,,,,,,,,,,,,,,,,,,,,,,,
P10515,DLAT,"Dihydrolipoyllysine-residue acetyltransferase component of pyruvate dehydrogenase complex, mitochondrial OS=Homo sapiens OX=9606 GN=DLAT PE=1 SV=3",66218.77344,,,,,,,,,,,,,,,,,,,,,,,,,,,,,
Q8NE86,MCU,"Calcium uniporter protein, mitochondrial OS=Homo sapiens OX=9606 GN=MCU PE=1 SV=1",67294.95313,,,,,,,,,,,,,,,,,,,,,,,,,,,,,
Q96B26,EXOSC8,Exosome complex component RRP43 OS=Homo sapiens OX=9606 GN=EXOSC8 PE=1 SV=1,68268.85938,,,,,,,,,,,,,,,,,,,,,,,,,,,,,
P36955,SERPINF1,Pigment epithelium-derived factor OS=Homo sapiens OX=9606 GN=SERPINF1 PE=1 SV=4,68435.46094,,,,,,,,,,,,,,,,,,,,,,,,,,,,,
P35249,RFC4,Replication factor C subunit 4 OS=Homo sapiens OX=9606 GN=RFC4 PE=1 SV=2,69000.41406,,,,,,,,,,,,,,,,,,,,,,,,,,,,,
O43633,CHMP2A,Charged multivesicular body protein 2a OS=Homo sapiens OX=9606 GN=CHMP2A PE=1 SV=1,70559.34375,,,,,,,,,,,,,,,,,,,,,,,,,,,,,
P30040,ERP29,Endoplasmic reticulum resident protein 29 OS=Homo sapiens OX=9606 GN=ERP29 PE=1 SV=4,70813.42188,,,,,,,,,,,,,,,,,,,,,,,,,,,,,
O75874,IDH1,Isocitrate dehydrogenase [NADP] cytoplasmic OS=Homo sapiens OX=9606 GN=IDH1 PE=1 SV=2,71213.75781,,,,,,,,,,,,,,,,,,,,,,,,,,,,,
Q9Y383,LUC7L2,Putative RNA-binding protein Luc7-like 2 OS=Homo sapiens OX=9606 GN=LUC7L2 PE=1 SV=2,71696.58594,,,,,,,,,,,,,,,,,,,,,,,,,,,,,
P29144,TPP2,Tripeptidyl-peptidase 2 OS=Homo sapiens OX=9606 GN=TPP2 PE=1 SV=4,72210,,,,,,,,,,,,,,,,,,,,,,,,,,,,,
P49755,TMED10,Transmembrane emp24 domain-containing protein 10 OS=Homo sapiens OX=9606 GN=TMED10 PE=1 SV=2,72896.61719,,,,,,,,,,,,,,,,,,,,,,,,,,,,,
O95831,AIFM1,"Apoptosis-inducing factor 1, mitochondrial OS=Homo sapiens OX=9606 GN=AIFM1 PE=1 SV=1",73194.89844,,,,,,,,,,,,,,,,,,,,,,,,,,,,,
P49711,CTCF,Transcriptional repressor CTCF OS=Homo sapiens OX=9606 GN=CTCF PE=1 SV=1,73955.13281,,,,,,,,,,,,,,,,,,,,,,,,,,,,,
P61106,RAB14,Ras-related protein Rab-14 OS=Homo sapiens OX=9606 GN=RAB14 PE=1 SV=4,75406.5625,,,,,,,,,,,,,,,,,,,,,,,,,,,,,
P48637,GSS,Glutathione synthetase OS=Homo sapiens OX=9606 GN=GSS PE=1 SV=1,75903.16406,,,,,,,,,,,,,,,,,,,,,,,,,,,,,
Q3LXA3,TKFC,Triokinase/FMN cyclase OS=Homo sapiens OX=9606 GN=TKFC PE=1 SV=2,75943.11719,,,,,,,,,,,,,,,,,,,,,,,,,,,,,
Q5JPE7,NOMO2,Nodal modulator 2 OS=Homo sapiens OX=9606 GN=NOMO2 PE=1 SV=1,75972.78125,,,,,,,,,,,,,,,,,,,,,,,,,,,,,
Q7L014,DDX46,Probable ATP-dependent RNA helicase DDX46 OS=Homo sapiens OX=9606 GN=DDX46 PE=1 SV=2,78054.17969,,,,,,,,,,,,,,,,,,,,,,,,,,,,,
Q92688,ANP32B,Acidic leucine-rich nuclear phosphoprotein 32 family member B OS=Homo sapiens OX=9606 GN=ANP32B PE=1 SV=1,80123.05469,,,,,,,,,,,,,,,,,,,,,,,,,,,,,
P12268,IMPDH2,Inosine-5'-monophosphate dehydrogenase 2 OS=Homo sapiens OX=9606 GN=IMPDH2 PE=1 SV=2,80859.39844,,,,,,,,,,,,,,,,,,,,,,,,,,,,,
P31948,STIP1,Stress-induced-phosphoprotein 1 OS=Homo sapiens OX=9606 GN=STIP1 PE=1 SV=1,83195.6875,,,,,,,,,,,,,,,,,,,,,,,,,,,,,
P62829,RPL23,60S ribosomal protein L23 OS=Homo sapiens OX=9606 GN=RPL23 PE=1 SV=1,83828.83594,,,,,,,,,,,,,,,,,,,,,,,,,,,,,
Q9UNX4,WDR3,WD repeat-containing protein 3 OS=Homo sapiens OX=9606 GN=WDR3 PE=1 SV=1,84370.67969,,,,,,,,,,,,,,,,,,,,,,,,,,,,,
Q13243,SRSF5,Serine/arginine-rich splicing factor 5 OS=Homo sapiens OX=9606 GN=SRSF5 PE=1 SV=1,84530.49219,,,,,,,,,,,,,,,,,,,,,,,,,,,,,
O00299,CLIC1,Chloride intracellular channel protein 1 OS=Homo sapiens OX=9606 GN=CLIC1 PE=1 SV=4,84550.20313,,,,,,,,,,,,,,,,,,,,,,,,,,,,,
P26641,EEF1G,"Elongation factor 1-gamma OS=Homo sapiens OX=9606 GN=EEF1G PE=1 SV=3, Elongation factor 1-gamma OS=Homo sapiens OX=9606 GN=EEF1G PE=1 SV=3",85343.53906,,,,,,,,,,,,,,,,,,,,,,,,,,,,,
P52209,PGD,"6-phosphogluconate dehydrogenase, decarboxylating OS=Homo sapiens OX=9606 GN=PGD PE=1 SV=3",85822.60938,,,,,,,,,,,,,,,,,,,,,,,,,,,,,
Q14116,IL18,Interleukin-18 OS=Homo sapiens OX=9606 GN=IL18 PE=1 SV=1,86260.46094,,,,,,,,,,,,,,,,,,,,,,,,,,,,,
P30043,BLVRB,Flavin reductase (NADPH) OS=Homo sapiens OX=9606 GN=BLVRB PE=1 SV=3,86423.96094,,,,,,,,,,,,,,,,,,,,,,,,,,,,,
P37802,TAGLN2,Transgelin-2 OS=Homo sapiens OX=9606 GN=TAGLN2 PE=1 SV=3,89023.66406,,,,,,,,,,,,,,,,,,,,,,,,,,,,,
P23588,EIF4B,Eukaryotic translation initiation factor 4B OS=Homo sapiens OX=9606 GN=EIF4B PE=1 SV=2,89131.5,,,,,,,,,,,,,,,,,,,,,,,,,,,,,
O75390,CS,"Citrate synthase, mitochondrial OS=Homo sapiens OX=9606 GN=CS PE=1 SV=2",90366.44531,,,,,,,,,,,,,,,,,,,,,,,,,,,,,
P12004,PCNA,Proliferating cell nuclear antigen OS=Homo sapiens OX=9606 GN=PCNA PE=1 SV=1,90568.4375,,,,,,,,,,,,,,,,,,,,,,,,,,,,,
Q9Y3F4,STRAP,Serine-threonine kinase receptor-associated protein OS=Homo sapiens OX=9606 GN=STRAP PE=1 SV=1,90733.03125,,,,,,,,,,,,,,,,,,,,,,,,,,,,,
Q9Y277,VDAC3,Voltage-dependent anion-selective channel protein 3 OS=Homo sapiens OX=9606 GN=VDAC3 PE=1 SV=1,91027.94531,,,,,,,,,,,,,,,,,,,,,,,,,,,,,
P13667,PDIA4,Protein disulfide-isomerase A4 OS=Homo sapiens OX=9606 GN=PDIA4 PE=1 SV=2,92315.97656,,,,,,,,,,,,,,,,,,,,,,,,,,,,,
Q9ULV4,CORO1C,Coronin-1C OS=Homo sapiens OX=9606 GN=CORO1C PE=1 SV=1,93874.8125,,,,,,,,,,,,,,,,,,,,,,,,,,,,,
Q14011,CIRBP,Cold-inducible RNA-binding protein OS=Homo sapiens OX=9606 GN=CIRBP PE=1 SV=1,95169.98438,,,,,,,,,,,,,,,,,,,,,,,,,,,,,
Q15393,SF3B3,"Splicing factor 3B subunit 3 OS=Homo sapiens OX=9606 GN=SF3B3 PE=1 SV=4, Splicing factor 3B subunit 3 OS=Homo sapiens OX=9606 GN=SF3B3 PE=1 SV=4",95840.82031,,,,,,,,,,,,,,,,,,,,,,,,,,,,,
Q16836,HADH,"Hydroxyacyl-coenzyme A dehydrogenase, mitochondrial OS=Homo sapiens OX=9606 GN=HADH PE=1 SV=3",96340.76563,,,,,,,,,,,,,,,,,,,,,,,,,,,,,
P49720,PSMB3,Proteasome subunit beta type-3 OS=Homo sapiens OX=9606 GN=PSMB3 PE=1 SV=2,97202.92969,,,,,,,,,,,,,,,,,,,,,,,,,,,,,
Q8ND56,LSM14A,Protein LSM14 homolog A OS=Homo sapiens OX=9606 GN=LSM14A PE=1 SV=3,97409.23438,,,,,,,,,,,,,,,,,,,,,,,,,,,,,
Q9GZS3,SKIC8,WD repeat-containing protein 61 OS=Homo sapiens OX=9606 GN=WDR61 PE=1 SV=1,98790.63281,,,,,,,,,,,,,,,,,,,,,,,,,,,,,
Q13616,CUL1,Cullin-1 OS=Homo sapiens OX=9606 GN=CUL1 PE=1 SV=2,99318.71094,,,,,,,,,,,,,,,,,,,,,,,,,,,,,
P18206,VCL,Vinculin OS=Homo sapiens OX=9606 GN=VCL PE=1 SV=4,100509.0391,,,,,,,,,,,,,,,,,,,,,,,,,,,,,
P35241,RDX,Radixin OS=Homo sapiens OX=9606 GN=RDX PE=1 SV=1,100757.7109,,,,,,,,,,,,,,,,,,,,,,,,,,,,,
P49411,,"Elongation factor Tu, mitochondrial OS=Homo sapiens OX=9606 GN=TUFM PE=1 SV=2",101110.0391,,,,,,,,,,,,,,,,,,,,,,,,,,,,,
P06744,GPI,Glucose-6-phosphate isomerase OS=Homo sapiens OX=9606 GN=GPI PE=1 SV=4,101832.7578,,,,,,,,,,,,,,,,,,,,,,,,,,,,,
A2A3N6,PIPSL,Putative PIP5K1A and PSMD4-like protein OS=Homo sapiens OX=9606 GN=PIPSL PE=5 SV=1,102197.2578,,,,,,,,,,,,,,,,,,,,,,,,,,,,,
Q04837,SSBP1,"Single-stranded DNA-binding protein, mitochondrial OS=Homo sapiens OX=9606 GN=SSBP1 PE=1 SV=1",103522.375,,,,,,,,,,,,,,,,,,,,,,,,,,,,,
P08727,KRT19,"Keratin, type I cytoskeletal 19 OS=Homo sapiens OX=9606 GN=KRT19 PE=1 SV=4",105030.1953,,,,,,,,,,,,,,,,,,,,,,,,,,,,,
Q13011,ECH1,"Delta(3,5)-Delta(2,4)-dienoyl-CoA isomerase, mitochondrial OS=Homo sapiens OX=9606 GN=ECH1 PE=1 SV=2",107057.0234,,,,,,,,,,,,,,,,,,,,,,,,,,,,,
Q7KZF4,SND1,Staphylococcal nuclease domain-containing protein 1 OS=Homo sapiens OX=9606 GN=SND1 PE=1 SV=1,107984.0078,,,,,,,,,,,,,,,,,,,,,,,,,,,,,
P54578,USP14,Ubiquitin carboxyl-terminal hydrolase 14 OS=Homo sapiens OX=9606 GN=USP14 PE=1 SV=3,109142.8828,,,,,,,,,,,,,,,,,,,,,,,,,,,,,
Q15365,PCBP1,Poly(rC)-binding protein 1 OS=Homo sapiens OX=9606 GN=PCBP1 PE=1 SV=2,109256.3594,,,,,,,,,,,,,,,,,,,,,,,,,,,,,
P49321,NASP,Nuclear autoantigenic sperm protein OS=Homo sapiens OX=9606 GN=NASP PE=1 SV=2,109333.4297,,,,,,,,,,,,,,,,,,,,,,,,,,,,,
P20339,RAB5A,Ras-related protein Rab-5A OS=Homo sapiens OX=9606 GN=RAB5A PE=1 SV=2,109626.1875,,,,,,,,,,,,,,,,,,,,,,,,,,,,,
Q9UMS4,PRPF19,Pre-mRNA-processing factor 19 OS=Homo sapiens OX=9606 GN=PRPF19 PE=1 SV=1,109871.2891,,,,,,,,,,,,,,,,,,,,,,,,,,,,,
P30050,RPL12,"60S ribosomal protein L12 OS=Homo sapiens OX=9606 GN=RPL12 PE=1 SV=1, 60S ribosomal protein L12 OS=Homo sapiens OX=9606 GN=RPL12 PE=1 SV=1",110342.7578,,,,,,,,,,,,,,,,,,,,,,,,,,,,,
P02790,HPX,Hemopexin OS=Homo sapiens OX=9606 GN=HPX PE=1 SV=2,114795.1484,,,,,,,,,,,,,,,,,,,,,,,,,,,,,
Q6ZSG2,INSYN2A,Inhibitory synaptic factor 2A OS=Homo sapiens OX=9606 GN=INSYN2A PE=1 SV=1,115054.6016,,,,,,,,,,,,,,,,,,,,,,,,,,,,,
P22102,GART,Trifunctional purine biosynthetic protein adenosine-3 OS=Homo sapiens OX=9606 GN=GART PE=1 SV=1,115374.7969,,,,,,,,,,,,,,,,,,,,,,,,,,,,,
P56537,EIF6,Eukaryotic translation initiation factor 6 OS=Homo sapiens OX=9606 GN=EIF6 PE=1 SV=1,115420.8281,,,,,,,,,,,,,,,,,,,,,,,,,,,,,
P25101,EDNRA,Endothelin-1 receptor OS=Homo sapiens OX=9606 GN=EDNRA PE=1 SV=1,117176.4609,,,,,,,,,,,,,,,,,,,,,,,,,,,,,
Q99567,NUP88,Nuclear pore complex protein Nup88 OS=Homo sapiens OX=9606 GN=NUP88 PE=1 SV=2,118079.8359,,,,,,,,,,,,,,,,,,,,,,,,,,,,,
O00232,PSMD12,"26S proteasome non-ATPase regulatory subunit 12 OS=Homo sapiens OX=9606 GN=PSMD12 PE=1 SV=3, 26S proteasome non-ATPase regulatory subunit 12 OS=Homo sapiens OX=9606 GN=PSMD12 PE=1 SV=3",119420.4531,,,,,,,,,,,,,,,,,,,,,,,,,,,,,
P17612,PRKACA,cAMP-dependent protein kinase catalytic subunit alpha OS=Homo sapiens OX=9606 GN=PRKACA PE=1 SV=2,122172.6406,,,,,,,,,,,,,,,,,,,,,,,,,,,,,
P28074,PSMB5,Proteasome subunit beta type-5 OS=Homo sapiens OX=9606 GN=PSMB5 PE=1 SV=3,123898.5781,,,,,,,,,,,,,,,,,,,,,,,,,,,,,
Q9UMR2,DDX19B,ATP-dependent RNA helicase DDX19B OS=Homo sapiens OX=9606 GN=DDX19B PE=1 SV=1,124187.3828,,,,,,,,,,,,,,,,,,,,,,,,,,,,,
Q07020,RPL18,"60S ribosomal protein L18 OS=Homo sapiens OX=9606 GN=RPL18 PE=1 SV=2, 60S ribosomal protein L18 OS=Homo sapiens OX=9606 GN=RPL18 PE=1 SV=2",125477.8438,,,,,,,,,,,,,,,,,,,,,,,,,,,,,
Q06033,ITIH3,Inter-alpha-trypsin inhibitor heavy chain H3 OS=Homo sapiens OX=9606 GN=ITIH3 PE=1 SV=2,127577.5,,,,,,,,,,,,,,,,,,,,,,,,,,,,,
P38919,EIF4A3,Eukaryotic initiation factor 4A-III OS=Homo sapiens OX=9606 GN=EIF4A3 PE=1 SV=4,127615.3125,,,,,,,,,,,,,,,,,,,,,,,,,,,,,
Q99729,HNRNPAB,Heterogeneous nuclear ribonucleoprotein A/B OS=Homo sapiens OX=9606 GN=HNRNPAB PE=1 SV=2,130434.0781,,,,,,,,,,,,,,,,,,,,,,,,,,,,,
O00303,EIF3F,Eukaryotic translation initiation factor 3 subunit F OS=Homo sapiens OX=9606 GN=EIF3F PE=1 SV=1,131202.6563,,,,,,,,,,,,,,,,,,,,,,,,,,,,,
P20700,LMNB1,Lamin-B1 OS=Homo sapiens OX=9606 GN=LMNB1 PE=1 SV=2,133738.5313,,,,,,,,,,,,,,,,,,,,,,,,,,,,,
Q8NBS9,TXNDC5,Thioredoxin domain-containing protein 5 OS=Homo sapiens OX=9606 GN=TXNDC5 PE=1 SV=2,133947.7422,,,,,,,,,,,,,,,,,,,,,,,,,,,,,
P52907,CAPZA1,F-actin-capping protein subunit alpha-1 OS=Homo sapiens OX=9606 GN=CAPZA1 PE=1 SV=3,134139.3125,,,,,,,,,,,,,,,,,,,,,,,,,,,,,
P55795,HNRNPH2,Heterogeneous nuclear ribonucleoprotein H2 OS=Homo sapiens OX=9606 GN=HNRNPH2 PE=1 SV=1,135344.2813,,,,,,,,,,,,,,,,,,,,,,,,,,,,,
P51148,RAB5C,Ras-related protein Rab-5C OS=Homo sapiens OX=9606 GN=RAB5C PE=1 SV=2,135441.2031,,,,,,,,,,,,,,,,,,,,,,,,,,,,,
Q16851,UGP2,UTP--glucose-1-phosphate uridylyltransferase OS=Homo sapiens OX=9606 GN=UGP2 PE=1 SV=5,135717.4688,,,,,,,,,,,,,,,,,,,,,,,,,,,,,
P63279,UBE2I,SUMO-conjugating enzyme UBC9 OS=Homo sapiens OX=9606 GN=UBE2I PE=1 SV=1,139148.6406,,,,,,,,,,,,,,,,,,,,,,,,,,,,,
P34932,HSPA4,Heat shock 70 kDa protein 4 OS=Homo sapiens OX=9606 GN=HSPA4 PE=1 SV=4,139278.4531,,,,,,,,,,,,,,,,,,,,,,,,,,,,,
P09960,LTA4H,Leukotriene A-4 hydrolase OS=Homo sapiens OX=9606 GN=LTA4H PE=1 SV=2,141794.2031,,,,,,,,,,,,,,,,,,,,,,,,,,,,,
P08758,ANXA5,Annexin A5 OS=Homo sapiens OX=9606 GN=ANXA5 PE=1 SV=2,142194.3438,,,,,,,,,,,,,,,,,,,,,,,,,,,,,
P02545,LMNA,Prelamin-A/C OS=Homo sapiens OX=9606 GN=LMNA PE=1 SV=1,142655.3828,,,,,,,,,,,,,,,,,,,,,,,,,,,,,
P48147,PREP,Prolyl endopeptidase OS=Homo sapiens OX=9606 GN=PREP PE=1 SV=2,143283.125,,,,,,,,,,,,,,,,,,,,,,,,,,,,,
P15170,GSPT1,Eukaryotic peptide chain release factor GTP-binding subunit ERF3A OS=Homo sapiens OX=9606 GN=GSPT1 PE=1 SV=1,145446.5938,,,,,,,,,,,,,,,,,,,,,,,,,,,,,
P31153,MAT2A,S-adenosylmethionine synthase isoform type-2 OS=Homo sapiens OX=9606 GN=MAT2A PE=1 SV=1,146189.1406,,,,,,,,,,,,,,,,,,,,,,,,,,,,,
Q13813,SPTAN1,"Spectrin alpha chain, non-erythrocytic 1 OS=Homo sapiens OX=9606 GN=SPTAN1 PE=1 SV=3",147281.9063,,,,,,,,,,,,,,,,,,,,,,,,,,,,,
O75367,H2afy; H2AFY; LOC100466888; LOC101338325; LOC101381952; LOC101564704; LOC102987354; LOC103079324; LOC103663804; LOC105869993; LOC106989149; LOC109250833; LOC110591142; LOC111141291; LOC111182462; LOC112404331; LOC112625777; LOC112815157; LOC112861289; LOC112917035; LOC113928700; LOC114891795; LOC115516119; LOC116529369; LOC116750637; MACROH2A1,Core histone macro-H2A.1 OS=Homo sapiens OX=9606 GN=MACROH2A1 PE=1 SV=4,148484.3281,,,,,,,,,,,,,,,,,,,,,,,,,,,,,
Q6YN16,HSDL2,"Hydroxysteroid dehydrogenase-like protein 2 OS=Homo sapiens OX=9606 GN=HSDL2 PE=1 SV=1, Hydroxysteroid dehydrogenase-like protein 2 OS=Homo sapiens OX=9606 GN=HSDL2 PE=1 SV=1",150412.8438,,,,,,,,,,,,,,,,,,,,,,,,,,,,,
P17980,PSMC3,26S proteasome regulatory subunit 6A OS=Homo sapiens OX=9606 GN=PSMC3 PE=1 SV=3,152930.9531,,,,,,,,,,,,,,,,,,,,,,,,,,,,,
P35609,ACTN2,Alpha-actinin-2 OS=Homo sapiens OX=9606 GN=ACTN2 PE=1 SV=1,155554.6406,,,,,,,,,,,,,,,,,,,,,,,,,,,,,
P69905,HBA1; HBA2,Hemoglobin subunit alpha OS=Homo sapiens OX=9606 GN=HBA1 PE=1 SV=2,158900.3594,,,,,,,,,,,,,,,,,,,,,,,,,,,,,
Q16881,TXNRD1,"Thioredoxin reductase 1, cytoplasmic OS=Homo sapiens OX=9606 GN=TXNRD1 PE=1 SV=3",160589.9219,,,,,,,,,,,,,,,,,,,,,,,,,,,,,
P14174,MIF,Macrophage migration inhibitory factor OS=Homo sapiens OX=9606 GN=MIF PE=1 SV=4,161942.5313,,,,,,,,,,,,,,,,,,,,,,,,,,,,,
P13693,TPT1,Translationally-controlled tumor protein OS=Homo sapiens OX=9606 GN=TPT1 PE=1 SV=1,162306.7656,,,,,,,,,,,,,,,,,,,,,,,,,,,,,
P62495,ETF1,Eukaryotic peptide chain release factor subunit 1 OS=Homo sapiens OX=9606 GN=ETF1 PE=1 SV=3,165434.3281,,,,,,,,,,,,,,,,,,,,,,,,,,,,,
Q15233,NONO,Non-POU domain-containing octamer-binding protein OS=Homo sapiens OX=9606 GN=NONO PE=1 SV=4,166362.2031,,,,,,,,,,,,,,,,,,,,,,,,,,,,,
Q9BTT0,ANP32E,Acidic leucine-rich nuclear phosphoprotein 32 family member E OS=Homo sapiens OX=9606 GN=ANP32E PE=1 SV=1,167600.6094,,,,,,,,,,,,,,,,,,,,,,,,,,,,,
P42167,TMPO,"Lamina-associated polypeptide 2, isoforms beta/gamma OS=Homo sapiens OX=9606 GN=TMPO PE=1 SV=2",168800.3438,,,,,,,,,,,,,,,,,,,,,,,,,,,,,
Q15029,EFTUD2,116 kDa U5 small nuclear ribonucleoprotein component OS=Homo sapiens OX=9606 GN=EFTUD2 PE=1 SV=1,173500.6953,,,,,,,,,,,,,,,,,,,,,,,,,,,,,
P27708,CAD,CAD protein OS=Homo sapiens OX=9606 GN=CAD PE=1 SV=3,173611.7031,,,,,,,,,,,,,,,,,,,,,,,,,,,,,
P40939,HADHA,"Trifunctional enzyme subunit alpha, mitochondrial OS=Homo sapiens OX=9606 GN=HADHA PE=1 SV=2",176765.9219,,,,,,,,,,,,,,,,,,,,,,,,,,,,,
P11217,PYGM,"Glycogen phosphorylase, muscle form OS=Homo sapiens OX=9606 GN=PYGM PE=1 SV=6",180369.5313,,,,,,,,,,,,,,,,,,,,,,,,,,,,,
Q6DD88,ATL3,Atlastin-3 OS=Homo sapiens OX=9606 GN=ATL3 PE=1 SV=1,182796.5781,,,,,,,,,,,,,,,,,,,,,,,,,,,,,
Q9UHB9,SRP68,Signal recognition particle subunit SRP68 OS=Homo sapiens OX=9606 GN=SRP68 PE=1 SV=2,187413.1953,,,,,,,,,,,,,,,,,,,,,,,,,,,,,
Q10471,GALNT2,Polypeptide N-acetylgalactosaminyltransferase 2 OS=Homo sapiens OX=9606 GN=GALNT2 PE=1 SV=1,189932.3594,,,,,,,,,,,,,,,,,,,,,,,,,,,,,
P31942,HNRNPH3,Heterogeneous nuclear ribonucleoprotein H3 OS=Homo sapiens OX=9606 GN=HNRNPH3 PE=1 SV=2,193493.0938,,,,,,,,,,,,,,,,,,,,,,,,,,,,,
P61970,NUTF2,Nuclear transport factor 2 OS=Homo sapiens OX=9606 GN=NUTF2 PE=1 SV=1,193815.0469,,,,,,,,,,,,,,,,,,,,,,,,,,,,,
P11586,MTHFD1,"C-1-tetrahydrofolate synthase, cytoplasmic OS=Homo sapiens OX=9606 GN=MTHFD1 PE=1 SV=4, C-1-tetrahydrofolate synthase, cytoplasmic OS=Homo sapiens OX=9606 GN=MTHFD1 PE=1 SV=4",201713.75,,,,,,,,,,,,,,,,,,,,,,,,,,,,,
P49189,ALDH9A1,4-trimethylaminobutyraldehyde dehydrogenase OS=Homo sapiens OX=9606 GN=ALDH9A1 PE=1 SV=3,203400.5313,,,,,,,,,,,,,,,,,,,,,,,,,,,,,
Q9NS69,TOMM22,Mitochondrial import receptor subunit TOM22 homolog OS=Homo sapiens OX=9606 GN=TOMM22 PE=1 SV=3,204728.5,,,,,,,,,,,,,,,,,,,,,,,,,,,,,
P05388,RPLP0,"60S acidic ribosomal protein P0 OS=Homo sapiens OX=9606 GN=RPLP0 PE=1 SV=1, 60S acidic ribosomal protein P0 OS=Homo sapiens OX=9606 GN=RPLP0 PE=1 SV=1",209999.5938,,,,,,,,,,,,,,,,,,,,,,,,,,,,,
P08237,PFKM,"ATP-dependent 6-phosphofructokinase, muscle type OS=Homo sapiens OX=9606 GN=PFKM PE=1 SV=2, ATP-dependent 6-phosphofructokinase, muscle type OS=Homo sapiens OX=9606 GN=PFKM PE=1 SV=2",222945.8438,,,,,,,,,,,,,,,,,,,,,,,,,,,,,
Q14914,PTGR1,Prostaglandin reductase 1 OS=Homo sapiens OX=9606 GN=PTGR1 PE=1 SV=2,223725.7031,,,,,,,,,,,,,,,,,,,,,,,,,,,,,
P08243,ASNS,"Asparagine synthetase [glutamine-hydrolyzing] OS=Homo sapiens OX=9606 GN=ASNS PE=1 SV=4, Asparagine synthetase [glutamine-hydrolyzing] OS=Homo sapiens OX=9606 GN=ASNS PE=1 SV=4",225056.2344,,,,,,,,,,,,,,,,,,,,,,,,,,,,,
P14868,DARS1,"Aspartate--tRNA ligase, cytoplasmic OS=Homo sapiens OX=9606 GN=DARS1 PE=1 SV=2",226706.4688,,,,,,,,,,,,,,,,,,,,,,,,,,,,,
P49736,MCM2,"DNA replication licensing factor MCM2 OS=Homo sapiens OX=9606 GN=MCM2 PE=1 SV=4, DNA replication licensing factor MCM2 OS=Homo sapiens OX=9606 GN=MCM2 PE=1 SV=4",241867.8906,,,,,,,,,,,,,,,,,,,,,,,,,,,,,
O75439,PMPCB,Mitochondrial-processing peptidase subunit beta OS=Homo sapiens OX=9606 GN=PMPCB PE=1 SV=2,247524.6094,,,,,,,,,,,,,,,,,,,,,,,,,,,,,
P31040,SDHA,"Succinate dehydrogenase [ubiquinone] flavoprotein subunit, mitochondrial OS=Homo sapiens OX=9606 GN=SDHA PE=1 SV=2, Succinate dehydrogenase [ubiquinone] flavoprotein subunit, mitochondrial OS=Homo sapiens OX=9606 GN=SDHA PE=1 SV=2",248135.6484,,,,,,,,,,,,,,,,,,,,,,,,,,,,,
P63151,PPP2R2A,Serine/threonine-protein phosphatase 2A 55 kDa regulatory subunit B alpha isoform OS=Homo sapiens OX=9606 GN=PPP2R2A PE=1 SV=1,248338.5156,,,,,,,,,,,,,,,,,,,,,,,,,,,,,
P05783,KRT18,"Keratin, type I cytoskeletal 18 OS=Homo sapiens OX=9606 GN=KRT18 PE=1 SV=2",250330.2422,,,,,,,,,,,,,,,,,,,,,,,,,,,,,
Q13423,NNT,"NAD(P) transhydrogenase, mitochondrial OS=Homo sapiens OX=9606 GN=NNT PE=1 SV=3",251744.2656,,,,,,,,,,,,,,,,,,,,,,,,,,,,,
Q07021,C1QBP,"Complement component 1 Q subcomponent-binding protein, mitochondrial OS=Homo sapiens OX=9606 GN=C1QBP PE=1 SV=1",255210.6641,,,,,,,,,,,,,,,,,,,,,,,,,,,,,
Q12792,TWF1,Twinfilin-1 OS=Homo sapiens OX=9606 GN=TWF1 PE=1 SV=3,257057.9844,,,,,,,,,,,,,,,,,,,,,,,,,,,,,
P62854,RPS26,40S ribosomal protein S26 OS=Homo sapiens OX=9606 GN=RPS26 PE=1 SV=3,257541.9375,,,,,,,,,,,,,,,,,,,,,,,,,,,,,
O75533,SF3B1,Splicing factor 3B subunit 1 OS=Homo sapiens OX=9606 GN=SF3B1 PE=1 SV=3,257862.6406,,,,,,,,,,,,,,,,,,,,,,,,,,,,,
Q02543,RPL18A,"60S ribosomal protein L18a OS=Homo sapiens OX=9606 GN=RPL18A PE=1 SV=2, 60S ribosomal protein L18a OS=Homo sapiens OX=9606 GN=RPL18A PE=1 SV=2",260872.7344,,,,,,,,,,,,,,,,,,,,,,,,,,,,,
Q99436,PSMB7,Proteasome subunit beta type-7 OS=Homo sapiens OX=9606 GN=PSMB7 PE=1 SV=1,263004.418,,,,,,,,,,,,,,,,,,,,,,,,,,,,,
P62714,PPP2CB,Serine/threonine-protein phosphatase 2A catalytic subunit beta isoform OS=Homo sapiens OX=9606 GN=PPP2CB PE=1 SV=1,268756,,,,,,,,,,,,,,,,,,,,,,,,,,,,,
P31939,ATIC,Bifunctional purine biosynthesis protein ATIC OS=Homo sapiens OX=9606 GN=ATIC PE=1 SV=3,274963.2188,,,,,,,,,,,,,,,,,,,,,,,,,,,,,
P15311,EZR,Ezrin OS=Homo sapiens OX=9606 GN=EZR PE=1 SV=4,285578.6719,,,,,,,,,,,,,,,,,,,,,,,,,,,,,
P42765,ACAA2,"3-ketoacyl-CoA thiolase, mitochondrial OS=Homo sapiens OX=9606 GN=ACAA2 PE=1 SV=2",291309.0938,,,,,,,,,,,,,,,,,,,,,,,,,,,,,
P62753,RPS6,"40S ribosomal protein S6 OS=Homo sapiens OX=9606 GN=RPS6 PE=1 SV=1, 40S ribosomal protein S6 OS=Homo sapiens OX=9606 GN=RPS6 PE=1 SV=1",291848.1875,,,,,,,,,,,,,,,,,,,,,,,,,,,,,
P42704,LRPPRC,"Leucine-rich PPR motif-containing protein, mitochondrial OS=Homo sapiens OX=9606 GN=LRPPRC PE=1 SV=3",296628.3438,,,,,,,,,,,,,,,,,,,,,,,,,,,,,
P00441,SOD1,Superoxide dismutase [Cu-Zn] OS=Homo sapiens OX=9606 GN=SOD1 PE=1 SV=2,299927.1875,,,,,,,,,,,,,,,,,,,,,,,,,,,,,
P52597,HNRNPF,Heterogeneous nuclear ribonucleoprotein F OS=Homo sapiens OX=9606 GN=HNRNPF PE=1 SV=3,306723.25,,,,,,,,,,,,,,,,,,,,,,,,,,,,,
P16989,YBX3,Y-box-binding protein 3 OS=Homo sapiens OX=9606 GN=YBX3 PE=1 SV=4,314039.6875,,,,,,,,,,,,,,,,,,,,,,,,,,,,,
P39023,RPL3,60S ribosomal protein L3 OS=Homo sapiens OX=9606 GN=RPL3 PE=1 SV=2,316963.8281,,,,,,,,,,,,,,,,,,,,,,,,,,,,,
P05023,ATP1A1,Sodium/potassium-transporting ATPase subunit alpha-1 OS=Homo sapiens OX=9606 GN=ATP1A1 PE=1 SV=1,326725.625,,,,,,,,,,,,,,,,,,,,,,,,,,,,,
P23528,CFL1,Cofilin-1 OS=Homo sapiens OX=9606 GN=CFL1 PE=1 SV=3,329689.5078,,,,,,,,,,,,,,,,,,,,,,,,,,,,,
P05455,SSB,Lupus La protein OS=Homo sapiens OX=9606 GN=SSB PE=1 SV=2,334226.25,,,,,,,,,,,,,,,,,,,,,,,,,,,,,
P41252,IARS1,"Isoleucine--tRNA ligase, cytoplasmic OS=Homo sapiens OX=9606 GN=IARS1 PE=1 SV=2",354390.125,,,,,,,,,,,,,,,,,,,,,,,,,,,,,
O60506,SYNCRIP,Heterogeneous nuclear ribonucleoprotein Q OS=Homo sapiens OX=9606 GN=SYNCRIP PE=1 SV=2,354650.75,,,,,,,,,,,,,,,,,,,,,,,,,,,,,
P29508,SERPINB3,Serpin B3 OS=Homo sapiens OX=9606 GN=SERPINB3 PE=1 SV=2,374088.3438,,,,,,,,,,,,,,,,,,,,,,,,,,,,,
P07814,EPRS1,"Bifunctional glutamate/proline--tRNA ligase OS=Homo sapiens OX=9606 GN=EPRS1 PE=1 SV=5, Bifunctional glutamate/proline--tRNA ligase OS=Homo sapiens OX=9606 GN=EPRS1 PE=1 SV=5",374551.4063,,,,,,,,,,,,,,,,,,,,,,,,,,,,,
P30044,PRDX5,"Peroxiredoxin-5, mitochondrial OS=Homo sapiens OX=9606 GN=PRDX5 PE=1 SV=4",375010.4063,,,,,,,,,,,,,,,,,,,,,,,,,,,,,
P12277,CKB,Creatine kinase B-type OS=Homo sapiens OX=9606 GN=CKB PE=1 SV=1,381456.75,,,,,,,,,,,,,,,,,,,,,,,,,,,,,
P04792,HSPB1,Heat shock protein beta-1 OS=Homo sapiens OX=9606 GN=HSPB1 PE=1 SV=2,385444.3906,,,,,,,,,,,,,,,,,,,,,,,,,,,,,
P50991,CCT4,"T-complex protein 1 subunit delta OS=Homo sapiens OX=9606 GN=CCT4 PE=1 SV=4, T-complex protein 1 subunit delta OS=Homo sapiens OX=9606 GN=CCT4 PE=1 SV=4",388009.7656,,,,,,,,,,,,,,,,,,,,,,,,,,,,,
P60891,PRPS1,Ribose-phosphate pyrophosphokinase 1 OS=Homo sapiens OX=9606 GN=PRPS1 PE=1 SV=2,391185.9219,,,,,,,,,,,,,,,,,,,,,,,,,,,,,
P68036,UBE2L3,Ubiquitin-conjugating enzyme E2 L3 OS=Homo sapiens OX=9606 GN=UBE2L3 PE=1 SV=1,409507.7422,,,,,,,,,,,,,,,,,,,,,,,,,,,,,
Q15149,PLEC,Plectin OS=Homo sapiens OX=9606 GN=PLEC PE=1 SV=3,414006.7656,,,,,,,,,,,,,,,,,,,,,,,,,,,,,
Q00610,CLTC,Clathrin heavy chain 1 OS=Homo sapiens OX=9606 GN=CLTC PE=1 SV=5,416860.125,,,,,,,,,,,,,,,,,,,,,,,,,,,,,
P35237,SERPINB6,Serpin B6 OS=Homo sapiens OX=9606 GN=SERPINB6 PE=1 SV=3,420180.7109,,,,,,,,,,,,,,,,,,,,,,,,,,,,,
P01857,,Immunoglobulin heavy constant gamma 1 OS=Homo sapiens OX=9606 GN=IGHG1 PE=1 SV=1,430768.3438,,,,,,,,,,,,,,,,,,,,,,,,,,,,,
P20290,BTF3,Transcription factor BTF3 OS=Homo sapiens OX=9606 GN=BTF3 PE=1 SV=1,434742.4688,,,,,,,,,,,,,,,,,,,,,,,,,,,,,
P07900,HSP90AA1,"Heat shock protein HSP 90-alpha OS=Homo sapiens OX=9606 GN=HSP90AA1 PE=1 SV=5, Heat shock protein HSP 90-alpha OS=Homo sapiens OX=9606 GN=HSP90AA1 PE=1 SV=5",435938.25,,,,,,,,,,,,,,,,,,,,,,,,,,,,,
P36952,SERPINB5,Serpin B5 OS=Homo sapiens OX=9606 GN=SERPINB5 PE=1 SV=2,445208.8516,,,,,,,,,,,,,,,,,,,,,,,,,,,,,
Q9Y2T3,GDA,Guanine deaminase OS=Homo sapiens OX=9606 GN=GDA PE=1 SV=1,449543.2969,,,,,,,,,,,,,,,,,,,,,,,,,,,,,
P62873,GNB1,Guanine nucleotide-binding protein G(I)/G(S)/G(T) subunit beta-1 OS=Homo sapiens OX=9606 GN=GNB1 PE=1 SV=3,451371.3281,,,,,,,,,,,,,,,,,,,,,,,,,,,,,
P00505,GOT2,"Aspartate aminotransferase, mitochondrial OS=Homo sapiens OX=9606 GN=GOT2 PE=1 SV=3",467933.3594,,,,,,,,,,,,,,,,,,,,,,,,,,,,,
Q13885,TUBB2A,"Tubulin beta-2A chain OS=Homo sapiens OX=9606 GN=TUBB2A PE=1 SV=1, Tubulin beta-2A chain OS=Homo sapiens OX=9606 GN=TUBB2A PE=1 SV=1",481868.3438,,,,,,,,,,,,,,,,,,,,,,,,,,,,,
Q9P2V4,LRIT1,"Leucine-rich repeat, immunoglobulin-like domain and transmembrane domain-containing protein 1 OS=Homo sapiens OX=9606 GN=LRIT1 PE=2 SV=1",488457.75,,,,,,,,,,,,,,,,,,,,,,,,,,,,,
P08708,RPS17,40S ribosomal protein S17 OS=Homo sapiens OX=9606 GN=RPS17 PE=1 SV=2,495325.8281,,,,,,,,,,,,,,,,,,,,,,,,,,,,,
P46777,RPL5,60S ribosomal protein L5 OS=Homo sapiens OX=9606 GN=RPL5 PE=1 SV=3,497645.3906,,,,,,,,,,,,,,,,,,,,,,,,,,,,,
P54136,RARS1,"Arginine--tRNA ligase, cytoplasmic OS=Homo sapiens OX=9606 GN=RARS1 PE=1 SV=2",514343.8438,,,,,,,,,,,,,,,,,,,,,,,,,,,,,
P13804,ETFA,"Electron transfer flavoprotein subunit alpha, mitochondrial OS=Homo sapiens OX=9606 GN=ETFA PE=1 SV=1",514473.3906,,,,,,,,,,,,,,,,,,,,,,,,,,,,,
P0C7P4,UQCRFS1P1,Putative cytochrome b-c1 complex subunit Rieske-like protein 1 OS=Homo sapiens OX=9606 GN=UQCRFS1P1 PE=5 SV=1,515244.0781,,,,,,,,,,,,,,,,,,,,,,,,,,,,,
Q8WUM4,PDCD6IP,Programmed cell death 6-interacting protein OS=Homo sapiens OX=9606 GN=PDCD6IP PE=1 SV=1,515966.3594,,,,,,,,,,,,,,,,,,,,,,,,,,,,,
P00338,LDHA,"L-lactate dehydrogenase A chain OS=Homo sapiens OX=9606 GN=LDHA PE=1 SV=2, L-lactate dehydrogenase A chain OS=Homo sapiens OX=9606 GN=LDHA PE=1 SV=2, L-lactate dehydrogenase A chain OS=Homo sapiens OX=9606 GN=LDHA PE=1 SV=2",521823.9063,,,,,,,,,,,,,,,,,,,,,,,,,,,,,
O14980,XPO1,Exportin-1 OS=Homo sapiens OX=9606 GN=XPO1 PE=1 SV=1,523919.8438,,,,,,,,,,,,,,,,,,,,,,,,,,,,,
P07339,CTSD,"Cathepsin D OS=Homo sapiens OX=9606 GN=CTSD PE=1 SV=1, Cathepsin D OS=Homo sapiens OX=9606 GN=CTSD PE=1 SV=1",523977.3438,,,,,,,,,,,,,,,,,,,,,,,,,,,,,
P07954,FH,"Fumarate hydratase, mitochondrial OS=Homo sapiens OX=9606 GN=FH PE=1 SV=3",528233.4102,,,,,,,,,,,,,,,,,,,,,,,,,,,,,
P60174,TPI1,Triosephosphate isomerase OS=Homo sapiens OX=9606 GN=TPI1 PE=1 SV=4,541981.6328,,,,,,,,,,,,,,,,,,,,,,,,,,,,,
P63104,YWHAZ,14-3-3 protein zeta/delta OS=Homo sapiens OX=9606 GN=YWHAZ PE=1 SV=1,547010.7422,,,,,,,,,,,,,,,,,,,,,,,,,,,,,
Q12931,TRAP1,"Heat shock protein 75 kDa, mitochondrial OS=Homo sapiens OX=9606 GN=TRAP1 PE=1 SV=3",557540.2969,,,,,,,,,,,,,,,,,,,,,,,,,,,,,
P49773,HINT1,Adenosine 5'-monophosphoramidase HINT1 OS=Homo sapiens OX=9606 GN=HINT1 PE=1 SV=2,570556.1875,,,,,,,,,,,,,,,,,,,,,,,,,,,,,
P06576,ATP5F1B,"ATP synthase subunit beta, mitochondrial OS=Homo sapiens OX=9606 GN=ATP5F1B PE=1 SV=3, ATP synthase subunit beta, mitochondrial OS=Homo sapiens OX=9606 GN=ATP5F1B PE=1 SV=3, ATP synthase subunit beta, mitochondrial OS=Homo sapiens OX=9606 GN=ATP5F1B PE=1 SV=3",591417.2188,,,,,,,,,,,,,,,,,,,,,,,,,,,,,
P31930,UQCRC1,"Cytochrome b-c1 complex subunit 1, mitochondrial OS=Homo sapiens OX=9606 GN=UQCRC1 PE=1 SV=3",671826.0313,,,,,,,,,,,,,,,,,,,,,,,,,,,,,
P17987,TCP1,T-complex protein 1 subunit alpha OS=Homo sapiens OX=9606 GN=TCP1 PE=1 SV=1,676583.2266,,,,,,,,,,,,,,,,,,,,,,,,,,,,,
P26038,MSN,Moesin OS=Homo sapiens OX=9606 GN=MSN PE=1 SV=3,680680.125,,,,,,,,,,,,,,,,,,,,,,,,,,,,,
P05141,SLC25A5,ADP/ATP translocase 2 OS=Homo sapiens OX=9606 GN=SLC25A5 PE=1 SV=7,700892.375,,,,,,,,,,,,,,,,,,,,,,,,,,,,,
P08729,KRT7,"Keratin, type II cytoskeletal 7 OS=Homo sapiens OX=9606 GN=KRT7 PE=1 SV=5",714775.2969,,,,,,,,,,,,,,,,,,,,,,,,,,,,,
P25787,PSMA2,Proteasome subunit alpha type-2 OS=Homo sapiens OX=9606 GN=PSMA2 PE=1 SV=2,727023.8281,,,,,,,,,,,,,,,,,,,,,,,,,,,,,
P02786,TFRC,"Transferrin receptor protein 1 OS=Homo sapiens OX=9606 GN=TFRC PE=1 SV=2, Transferrin receptor protein 1 OS=Homo sapiens OX=9606 GN=TFRC PE=1 SV=2",791739.625,,,,,,,,,,,,,,,,,,,,,,,,,,,,,
Q8WXI4,ACOT11,Acyl-coenzyme A thioesterase 11 OS=Homo sapiens OX=9606 GN=ACOT11 PE=1 SV=1,827153.4375,,,,,,,,,,,,,,,,,,,,,,,,,,,,,
P46940,IQGAP1,Ras GTPase-activating-like protein IQGAP1 OS=Homo sapiens OX=9606 GN=IQGAP1 PE=1 SV=1,893784.1953,,,,,,,,,,,,,,,,,,,,,,,,,,,,,
P35232,PHB1,Prohibitin 1 OS=Homo sapiens OX=9606 GN=PHB1 PE=1 SV=1,933734.1875,,,,,,,,,,,,,,,,,,,,,,,,,,,,,
P05787,KRT8,"Keratin, type II cytoskeletal 8 OS=Homo sapiens OX=9606 GN=KRT8 PE=1 SV=7, Keratin, type II cytoskeletal 8 OS=Homo sapiens OX=9606 GN=KRT8 PE=1 SV=7",938833.8008,,,,,,,,,,,,,,,,,,,,,,,,,,,,,
Q12905,ILF2,Interleukin enhancer-binding factor 2 OS=Homo sapiens OX=9606 GN=ILF2 PE=1 SV=2,1027759.352,,,,,,,,,,,,,,,,,,,,,,,,,,,,,
P07910,HNRNPC,"Heterogeneous nuclear ribonucleoproteins C1/C2 OS=Homo sapiens OX=9606 GN=HNRNPC PE=1 SV=4, Heterogeneous nuclear ribonucleoproteins C1/C2 OS=Homo sapiens OX=9606 GN=HNRNPC PE=1 SV=4",1080343.922,,,,,,,,,,,,,,,,,,,,,,,,,,,,,
P18621,RPL17,60S ribosomal protein L17 OS=Homo sapiens OX=9606 GN=RPL17 PE=1 SV=3,1160193.031,,,,,,,,,,,,,,,,,,,,,,,,,,,,,
P63241,EIF5A,Eukaryotic translation initiation factor 5A-1 OS=Homo sapiens OX=9606 GN=EIF5A PE=1 SV=2,1211729.188,,,,,,,,,,,,,,,,,,,,,,,,,,,,,
P22314,UBA1,"Ubiquitin-like modifier-activating enzyme 1 OS=Homo sapiens OX=9606 GN=UBA1 PE=1 SV=3, Ubiquitin-like modifier-activating enzyme 1 OS=Homo sapiens OX=9606 GN=UBA1 PE=1 SV=3",1354948.328,,,,,,,,,,,,,,,,,,,,,,,,,,,,,
P31949,S100A11,"Protein S100-A11 OS=Homo sapiens OX=9606 GN=S100A11 PE=1 SV=2, Protein S100-A11 OS=Homo sapiens OX=9606 GN=S100A11 PE=1 SV=2",1434727.672,,,,,,,,,,,,,,,,,,,,,,,,,,,,,
P31327,CPS1,"Carbamoyl-phosphate synthase [ammonia], mitochondrial OS=Homo sapiens OX=9606 GN=CPS1 PE=1 SV=2, Carbamoyl-phosphate synthase [ammonia], mitochondrial OS=Homo sapiens OX=9606 GN=CPS1 PE=1 SV=2",1712347.922,,,,,,,,,,,,,,,,,,,,,,,,,,,,,
P0DP25,CALM3,"Calmodulin-3 OS=Homo sapiens OX=9606 GN=CALM3 PE=1 SV=1, Calmodulin-3 OS=Homo sapiens OX=9606 GN=CALM3 PE=1 SV=1",2101781.672,,,,,,,,,,,,,,,,,,,,,,,,,,,,,
P32969,RPL9; RPL9P7; RPL9P8; RPL9P9,"60S ribosomal protein L9 OS=Homo sapiens OX=9606 GN=RPL9 PE=1 SV=1, 60S ribosomal protein L9 OS=Homo sapiens OX=9606 GN=RPL9 PE=1 SV=1, 60S ribosomal protein L9 OS=Homo sapiens OX=9606 GN=RPL9 PE=1 SV=1",2295016.234,,,,,,,,,,,,,,,,,,,,,,,,,,,,,
P12236,SLC25A6,ADP/ATP translocase 3 OS=Homo sapiens OX=9606 GN=SLC25A6 PE=1 SV=4,2523220.594,,,,,,,,,,,,,,,,,,,,,,,,,,,,,
Q96AA3,RFT1,Protein RFT1 homolog OS=Homo sapiens OX=9606 GN=RFT1 PE=1 SV=1,2592433.25,,,,,,,,,,,,,,,,,,,,,,,,,,,,,
P0DMV9,HSPA1B,"Heat shock 70 kDa protein 1B OS=Homo sapiens OX=9606 GN=HSPA1B PE=1 SV=1, Heat shock 70 kDa protein 1B OS=Homo sapiens OX=9606 GN=HSPA1B PE=1 SV=1",2919464.938,,,,,,,,,,,,,,,,,,,,,,,,,,,,,
P06702,S100A9,Protein S100-A9 OS=Homo sapiens OX=9606 GN=S100A9 PE=1 SV=1,3298637.25,,,,,,,,,,,,,,,,,,,,,,,,,,,,,
P15924,DSP,"Desmoplakin OS=Homo sapiens OX=9606 GN=DSP PE=1 SV=3, Desmoplakin OS=Homo sapiens OX=9606 GN=DSP PE=1 SV=3, Desmoplakin OS=Homo sapiens OX=9606 GN=DSP PE=1 SV=3, Desmoplakin OS=Homo sapiens OX=9606 GN=DSP PE=1 SV=3",132122.4688,1234420.57,2251711.898,844523.8516,,,,,,,,,,,,,,,,,,,,,,,,,,
P08779,KRT16,"Keratin, type I cytoskeletal 16 OS=Homo sapiens OX=9606 GN=KRT16 PE=1 SV=4, Keratin, type I cytoskeletal 16 OS=Homo sapiens OX=9606 GN=KRT16 PE=1 SV=4, Keratin, type I cytoskeletal 16 OS=Homo sapiens OX=9606 GN=KRT16 PE=1 SV=4, Keratin, type I cytoskeletal 16 OS=Homo sapiens OX=9606 GN=KRT16 PE=1 SV=4",226927.2266,1401293.227,13630600.34,11659507.25,,,,,,,,,,,,,,,,,,,,,,,,,,
P26368,U2AF2,Splicing factor U2AF 65 kDa subunit OS=Homo sapiens OX=9606 GN=U2AF2 PE=1 SV=4,231448.3281,,,,,,,,,,,,,,,,,,,,,,,,,,,,,
P31944,CASP14,"Caspase-14 OS=Homo sapiens OX=9606 GN=CASP14 PE=1 SV=2, Caspase-14 OS=Homo sapiens OX=9606 GN=CASP14 PE=1 SV=2, Caspase-14 OS=Homo sapiens OX=9606 GN=CASP14 PE=1 SV=2, Caspase-14 OS=Homo sapiens OX=9606 GN=CASP14 PE=1 SV=2",233653.7656,411009.8438,265473.8438,209800.3594,,,,,,,,,,,,,,,,,,,,,,,,,,
Q02413,DSG1,"Desmoglein-1 OS=Homo sapiens OX=9606 GN=DSG1 PE=1 SV=2, Desmoglein-1 OS=Homo sapiens OX=9606 GN=DSG1 PE=1 SV=2, Desmoglein-1 OS=Homo sapiens OX=9606 GN=DSG1 PE=1 SV=2, Desmoglein-1 OS=Homo sapiens OX=9606 GN=DSG1 PE=1 SV=2",244308.4453,431624.9648,1566910.891,264795.9688,,,,,,,,,,,,,,,,,,,,,,,,,,
P81605,DCD,"Dermcidin OS=Homo sapiens OX=9606 GN=DCD PE=1 SV=2, Dermcidin OS=Homo sapiens OX=9606 GN=DCD PE=1 SV=2, Dermcidin OS=Homo sapiens OX=9606 GN=DCD PE=1 SV=2, Dermcidin OS=Homo sapiens OX=9606 GN=DCD PE=1 SV=2",295717.5,1647082.125,1952104.563,233325.8125,,,,,,,,,,,,,,,,,,,,,,,,,,
P14923,JUP,"Junction plakoglobin OS=Homo sapiens OX=9606 GN=JUP PE=1 SV=3, Junction plakoglobin OS=Homo sapiens OX=9606 GN=JUP PE=1 SV=3, Junction plakoglobin OS=Homo sapiens OX=9606 GN=JUP PE=1 SV=3, Junction plakoglobin OS=Homo sapiens OX=9606 GN=JUP PE=1 SV=3",307089.1875,430759.5469,2185007.266,768007.5313,,,,,,,,,,,,,,,,,,,,,,,,,,
P62917,RPL8,"60S ribosomal protein L8 OS=Homo sapiens OX=9606 GN=RPL8 PE=1 SV=2, 60S ribosomal protein L8 OS=Homo sapiens OX=9606 GN=RPL8 PE=1 SV=2",310611.7813,186469.9375,,,,,,,,,,,,,,,,,,,,,,,,,,,,
Q5D862,FLG2,"Filaggrin-2 OS=Homo sapiens OX=9606 GN=FLG2 PE=1 SV=1, Filaggrin-2 OS=Homo sapiens OX=9606 GN=FLG2 PE=1 SV=1, Filaggrin-2 OS=Homo sapiens OX=9606 GN=FLG2 PE=1 SV=1, Filaggrin-2 OS=Homo sapiens OX=9606 GN=FLG2 PE=1 SV=1",319266.1719,395769.9375,1050373.031,204687.2344,,,,,,,,,,,,,,,,,,,,,,,,,,
P01040,CSTA,"Cystatin-A OS=Homo sapiens OX=9606 GN=CSTA PE=1 SV=1, Cystatin-A OS=Homo sapiens OX=9606 GN=CSTA PE=1 SV=1, Cystatin-A OS=Homo sapiens OX=9606 GN=CSTA PE=1 SV=1, Cystatin-A OS=Homo sapiens OX=9606 GN=CSTA PE=1 SV=1",346549.4375,893874.3828,773766.625,347044.9063,,,,,,,,,,,,,,,,,,,,,,,,,,
P55084,HADHB,"Trifunctional enzyme subunit beta, mitochondrial OS=Homo sapiens OX=9606 GN=HADHB PE=1 SV=3, Trifunctional enzyme subunit beta, mitochondrial OS=Homo sapiens OX=9606 GN=HADHB PE=1 SV=3, Trifunctional enzyme subunit beta, mitochondrial OS=Homo sapiens OX=9606 GN=HADHB PE=1 SV=3, Trifunctional enzyme subunit beta, mitochondrial OS=Homo sapiens OX=9606 GN=HADHB PE=1 SV=3",891048.5156,583570.7344,404762.2969,162240.7031,,,,,,,,,,,,,,,,,,,,,,,,,,
Q06830,PRDX1,"Peroxiredoxin-1 OS=Homo sapiens OX=9606 GN=PRDX1 PE=1 SV=1, Peroxiredoxin-1 OS=Homo sapiens OX=9606 GN=PRDX1 PE=1 SV=1, Peroxiredoxin-1 OS=Homo sapiens OX=9606 GN=PRDX1 PE=1 SV=1, Peroxiredoxin-1 OS=Homo sapiens OX=9606 GN=PRDX1 PE=1 SV=1",1586911.641,1274262.5,307227.375,172408.9219,,,,,,,,,,,,,,,,,,,,,,,,,,
Q8TF72,SHROOM3,"Protein Shroom3 OS=Homo sapiens OX=9606 GN=SHROOM3 PE=1 SV=2, Protein Shroom3 OS=Homo sapiens OX=9606 GN=SHROOM3 PE=1 SV=2, Protein Shroom3 OS=Homo sapiens OX=9606 GN=SHROOM3 PE=1 SV=2, Protein Shroom3 OS=Homo sapiens OX=9606 GN=SHROOM3 PE=1 SV=2",1652545.375,1894295.625,1583898.375,1119571.625,,,,,,,,,,,,,,,,,,,,,,,,,,
P02538,KRT6A,"Keratin, type II cytoskeletal 6A OS=Homo sapiens OX=9606 GN=KRT6A PE=1 SV=3, Keratin, type II cytoskeletal 6A OS=Homo sapiens OX=9606 GN=KRT6A PE=1 SV=3, Keratin, type II cytoskeletal 6A OS=Homo sapiens OX=9606 GN=KRT6A PE=1 SV=3, Keratin, type II cytoskeletal 6A OS=Homo sapiens OX=9606 GN=KRT6A PE=1 SV=3",1807131.156,1591239.25,24609601.28,16961572.81,,,,,,,,,,,,,,,,,,,,,,,,,,
P08670,VIM,"Vimentin OS=Homo sapiens OX=9606 GN=VIM PE=1 SV=4, Vimentin OS=Homo sapiens OX=9606 GN=VIM PE=1 SV=4, Vimentin OS=Homo sapiens OX=9606 GN=VIM PE=1 SV=4, Vimentin OS=Homo sapiens OX=9606 GN=VIM PE=1 SV=4",1809354.516,821558.6172,306884.4375,219751.7031,,,,,,,,,,,,,,,,,,,,,,,,,,
P62736,ACTA2,"Actin, aortic smooth muscle OS=Homo sapiens OX=9606 GN=ACTA2 PE=1 SV=1, Actin, aortic smooth muscle OS=Homo sapiens OX=9606 GN=ACTA2 PE=1 SV=1, Actin, aortic smooth muscle OS=Homo sapiens OX=9606 GN=ACTA2 PE=1 SV=1, Actin, aortic smooth muscle OS=Homo sapiens OX=9606 GN=ACTA2 PE=1 SV=1",2270953.891,980781.3438,341291.0938,66898.91406,,,,,,,,,,,,,,,,,,,,,,,,,,
Q04695,KRT17,"Keratin, type I cytoskeletal 17 OS=Homo sapiens OX=9606 GN=KRT17 PE=1 SV=2, Keratin, type I cytoskeletal 17 OS=Homo sapiens OX=9606 GN=KRT17 PE=1 SV=2, Keratin, type I cytoskeletal 17 OS=Homo sapiens OX=9606 GN=KRT17 PE=1 SV=2, Keratin, type I cytoskeletal 17 OS=Homo sapiens OX=9606 GN=KRT17 PE=1 SV=2",2417635.828,468519.8125,5542049.219,2082882.328,,,,,,,,,,,,,,,,,,,,,,,,,,
P07195,LDHB,"L-lactate dehydrogenase B chain OS=Homo sapiens OX=9606 GN=LDHB PE=1 SV=2, L-lactate dehydrogenase B chain OS=Homo sapiens OX=9606 GN=LDHB PE=1 SV=2, L-lactate dehydrogenase B chain OS=Homo sapiens OX=9606 GN=LDHB PE=1 SV=2, L-lactate dehydrogenase B chain OS=Homo sapiens OX=9606 GN=LDHB PE=1 SV=2",3661131.461,2124821.727,1027053.156,607700.9375,,,,,,,,,,,,,,,,,,,,,,,,,,
P02768,ALB,"Albumin OS=Homo sapiens OX=9606 GN=ALB PE=1 SV=2, Albumin OS=Homo sapiens OX=9606 GN=ALB PE=1 SV=2, Albumin OS=Homo sapiens OX=9606 GN=ALB PE=1 SV=2, Albumin OS=Homo sapiens OX=9606 GN=ALB PE=1 SV=2",4303034,7446475.516,2785376.984,3109849.953,,,,,,,,,,,,,,,,,,,,,,,,,,
Q86Y46,KRT73,"Keratin, type II cytoskeletal 73 OS=Homo sapiens OX=9606 GN=KRT73 PE=1 SV=1, Keratin, type II cytoskeletal 73 OS=Homo sapiens OX=9606 GN=KRT73 PE=1 SV=1, Keratin, type II cytoskeletal 73 OS=Homo sapiens OX=9606 GN=KRT73 PE=1 SV=1, Keratin, type II cytoskeletal 73 OS=Homo sapiens OX=9606 GN=KRT73 PE=1 SV=1",4548803.906,10986633.56,24442870.69,12641360.38,,,,,,,,,,,,,,,,,,,,,,,,,,
P04075,ALDOA,"Fructose-bisphosphate aldolase A OS=Homo sapiens OX=9606 GN=ALDOA PE=1 SV=2, Fructose-bisphosphate aldolase A OS=Homo sapiens OX=9606 GN=ALDOA PE=1 SV=2, Fructose-bisphosphate aldolase A OS=Homo sapiens OX=9606 GN=ALDOA PE=1 SV=2, Fructose-bisphosphate aldolase A OS=Homo sapiens OX=9606 GN=ALDOA PE=1 SV=2",4984349.813,2496264.828,733715.8359,358944,,,,,,,,,,,,,,,,,,,,,,,,,,
P02533,KRT14,"Keratin, type I cytoskeletal 14 OS=Homo sapiens OX=9606 GN=KRT14 PE=1 SV=4, Keratin, type I cytoskeletal 14 OS=Homo sapiens OX=9606 GN=KRT14 PE=1 SV=4, Keratin, type I cytoskeletal 14 OS=Homo sapiens OX=9606 GN=KRT14 PE=1 SV=4, Keratin, type I cytoskeletal 14 OS=Homo sapiens OX=9606 GN=KRT14 PE=1 SV=4",7190813.199,12385445.19,53079256.69,38006155.61,,,,,,,,,,,,,,,,,,,,,,,,,,
P04406,GAPDH,"Glyceraldehyde-3-phosphate dehydrogenase OS=Homo sapiens OX=9606 GN=GAPDH PE=1 SV=3, Glyceraldehyde-3-phosphate dehydrogenase OS=Homo sapiens OX=9606 GN=GAPDH PE=1 SV=3, Glyceraldehyde-3-phosphate dehydrogenase OS=Homo sapiens OX=9606 GN=GAPDH PE=1 SV=3, Glyceraldehyde-3-phosphate dehydrogenase OS=Homo sapiens OX=9606 GN=GAPDH PE=1 SV=3",8653942.953,7045194.07,2728245.602,732033.0313,,,,,,,,,,,,,,,,,,,,,,,,,,
P14618,PKM,"Pyruvate kinase PKM OS=Homo sapiens OX=9606 GN=PKM PE=1 SV=4, Pyruvate kinase PKM OS=Homo sapiens OX=9606 GN=PKM PE=1 SV=4, Pyruvate kinase PKM OS=Homo sapiens OX=9606 GN=PKM PE=1 SV=4, Pyruvate kinase PKM OS=Homo sapiens OX=9606 GN=PKM PE=1 SV=4",12328731.25,1359679.742,,,,,,,,,,,,,,,,,,,,,,,,,,,,
P13647,KRT5,"Keratin, type II cytoskeletal 5 OS=Homo sapiens OX=9606 GN=KRT5 PE=1 SV=3, Keratin, type II cytoskeletal 5 OS=Homo sapiens OX=9606 GN=KRT5 PE=1 SV=3, Keratin, type II cytoskeletal 5 OS=Homo sapiens OX=9606 GN=KRT5 PE=1 SV=3, Keratin, type II cytoskeletal 5 OS=Homo sapiens OX=9606 GN=KRT5 PE=1 SV=3",12346395.17,19791907.95,60667641.31,39741462.58,,,,,,,,,,,,,,,,,,,,,,,,,,
P35527,KRT9,"Keratin, type I cytoskeletal 9 OS=Homo sapiens OX=9606 GN=KRT9 PE=1 SV=3, Keratin, type I cytoskeletal 9 OS=Homo sapiens OX=9606 GN=KRT9 PE=1 SV=3, Keratin, type I cytoskeletal 9 OS=Homo sapiens OX=9606 GN=KRT9 PE=1 SV=3, Keratin, type I cytoskeletal 9 OS=Homo sapiens OX=9606 GN=KRT9 PE=1 SV=3",40202565.31,102674022,249091798.7,81416439.61,,,,,,,,,,,,,,,,,,,,,,,,,,
P60709,ACTB,"Actin, cytoplasmic 1 OS=Homo sapiens OX=9606 GN=ACTB PE=1 SV=1, Actin, cytoplasmic 1 OS=Homo sapiens OX=9606 GN=ACTB PE=1 SV=1, Actin, cytoplasmic 1 OS=Homo sapiens OX=9606 GN=ACTB PE=1 SV=1, Actin, cytoplasmic 1 OS=Homo sapiens OX=9606 GN=ACTB PE=1 SV=1",48794441.99,33667623.67,6148529.078,2943323.711,,,,,,,,,,,,,,,,,,,,,,,,,,
P35908,KRT2,"Keratin, type II cytoskeletal 2 epidermal OS=Homo sapiens OX=9606 GN=KRT2 PE=1 SV=2, Keratin, type II cytoskeletal 2 epidermal OS=Homo sapiens OX=9606 GN=KRT2 PE=1 SV=2, Keratin, type II cytoskeletal 2 epidermal OS=Homo sapiens OX=9606 GN=KRT2 PE=1 SV=2, Keratin, type II cytoskeletal 2 epidermal OS=Homo sapiens OX=9606 GN=KRT2 PE=1 SV=2",58706398.73,103725399.1,206626037.8,95515339.01,,,,,,,,,,,,,,,,,,,,,,,,,,
P13645,KRT10,"Keratin, type I cytoskeletal 10 OS=Homo sapiens OX=9606 GN=KRT10 PE=1 SV=6, Keratin, type I cytoskeletal 10 OS=Homo sapiens OX=9606 GN=KRT10 PE=1 SV=6, Keratin, type I cytoskeletal 10 OS=Homo sapiens OX=9606 GN=KRT10 PE=1 SV=6, Keratin, type I cytoskeletal 10 OS=Homo sapiens OX=9606 GN=KRT10 PE=1 SV=6",114317861.4,225093861.9,459767235.9,251275612.1,,,,,,,,,,,,,,,,,,,,,,,,,,
P04264,KRT1,"Keratin, type II cytoskeletal 1 OS=Homo sapiens OX=9606 GN=KRT1 PE=1 SV=6, Keratin, type II cytoskeletal 1 OS=Homo sapiens OX=9606 GN=KRT1 PE=1 SV=6, Keratin, type II cytoskeletal 1 OS=Homo sapiens OX=9606 GN=KRT1 PE=1 SV=6, Keratin, type II cytoskeletal 1 OS=Homo sapiens OX=9606 GN=KRT1 PE=1 SV=6",172259511.8,344238202.9,767469838.5,379118594.7,,,,,,,,,,,,,,,,,,,,,,,,,,
Q7Z794,KRT77,"Keratin, type II cytoskeletal 1b OS=Homo sapiens OX=9606 GN=KRT77 PE=1 SV=3, Keratin, type II cytoskeletal 1b OS=Homo sapiens OX=9606 GN=KRT77 PE=1 SV=3",,155702.0156,504567.7188,,,,,,,,,,,,,,,,,,,,,,,,,,,
Q8WW59,,SPRY domain-containing protein 4 OS=Homo sapiens OX=9606 GN=SPRYD4 PE=1 SV=2,,,,,,,,,,,,,,,,,,,,,,,,,,,,,,
Q9HB19,,Pleckstrin homology domain-containing family A member 2 OS=Homo sapiens OX=9606 GN=PLEKHA2 PE=1 SV=2,,,,,,,,,,,,,,,,,,,,,,,,,,,,,,
O75027,ABCB7,"Iron-sulfur clusters transporter ABCB7, mitochondrial OS=Homo sapiens OX=9606 GN=ABCB7 PE=1 SV=2",,,,,,,,,,,,,,,,,,,,,,,,,,,,,,
Q99798,ACO2,"Aconitate hydratase, mitochondrial OS=Homo sapiens OX=9606 GN=ACO2 PE=1 SV=2",,,,,,,,,,,,,,,,,,,,,,,,,,,,,,
O00154,ACOT7,Cytosolic acyl coenzyme A thioester hydrolase OS=Homo sapiens OX=9606 GN=ACOT7 PE=1 SV=3,,,,,,,,,,,,,,,,,,,,,,,,,,,,,,
Q9NUZ1,ACOXL,Acyl-coenzyme A oxidase-like protein OS=Homo sapiens OX=9606 GN=ACOXL PE=2 SV=3,,,,,,,,,,,,,,,,,,,,,,,,,,,,,,
P24666,ACP1,Low molecular weight phosphotyrosine protein phosphatase OS=Homo sapiens OX=9606 GN=ACP1 PE=1 SV=3,,,,,,,,,,,,,,,,,,,,,,,,,,,,,,
P33121,ACSL1,Long-chain-fatty-acid--CoA ligase 1 OS=Homo sapiens OX=9606 GN=ACSL1 PE=1 SV=1,,,,,,,,,,,,,,,,,,,,,,,,,,,,,,
O95573,ACSL3,Fatty acid CoA ligase Acsl3 OS=Homo sapiens OX=9606 GN=ACSL3 PE=1 SV=3,,,,,,,,,,,,,,,,,,,,,,,,,,,,,,
P55263,ADK,Adenosine kinase OS=Homo sapiens OX=9606 GN=ADK PE=1 SV=2,,,,,,,,,,,,,,,,,,,,,,,,,,,,,,
O43865,AHCYL1,S-adenosylhomocysteine hydrolase-like protein 1 OS=Homo sapiens OX=9606 GN=AHCYL1 PE=1 SV=2,,,,,,,,,,,,,,,,,,,,,,,,,,,,,,
Q13740,ALCAM,CD166 antigen OS=Homo sapiens OX=9606 GN=ALCAM PE=1 SV=2,,,,,,,,,,,,,,,,,,,,,,,,,,,,,,
P09972,ALDOC,Fructose-bisphosphate aldolase C OS=Homo sapiens OX=9606 GN=ALDOC PE=1 SV=2,,,,,,,,,,,,,,,,,,,,,,,,,,,,,,
P50995,ANXA11,Annexin A11 OS=Homo sapiens OX=9606 GN=ANXA11 PE=1 SV=1,,,,,,,,,,,,,,,,,,,,,,,,,,,,,,
P27695,APEX1,DNA-(apurinic or apyrimidinic site) endonuclease OS=Homo sapiens OX=9606 GN=APEX1 PE=1 SV=2,,,,,,,,,,,,,,,,,,,,,,,,,,,,,,
P07741,APRT,Adenine phosphoribosyltransferase OS=Homo sapiens OX=9606 GN=APRT PE=1 SV=2,,,,,,,,,,,,,,,,,,,,,,,,,,,,,,
P61204,ARF3,ADP-ribosylation factor 3 OS=Homo sapiens OX=9606 GN=ARF3 PE=1 SV=2,,,,,,,,,,,,,,,,,,,,,,,,,,,,,,
Q12797,ASPH,Aspartyl/asparaginyl beta-hydroxylase OS=Homo sapiens OX=9606 GN=ASPH PE=1 SV=3,,,,,,,,,,,,,,,,,,,,,,,,,,,,,,
Q8IZT6,ASPM,Abnormal spindle-like microcephaly-associated protein OS=Homo sapiens OX=9606 GN=ASPM PE=1 SV=2,,,,,,,,,,,,,,,,,,,,,,,,,,,,,,
P38606,ATP6V1A,V-type proton ATPase catalytic subunit A OS=Homo sapiens OX=9606 GN=ATP6V1A PE=1 SV=2,,,,,,,,,,,,,,,,,,,,,,,,,,,,,,
P25311,AZGP1,"Zinc-alpha-2-glycoprotein OS=Homo sapiens OX=9606 GN=AZGP1 PE=1 SV=2, Zinc-alpha-2-glycoprotein OS=Homo sapiens OX=9606 GN=AZGP1 PE=1 SV=2",,,,,,,,,,,,,,,,,,,,,,,,,,,,,,
O15155,BET1,BET1 homolog OS=Homo sapiens OX=9606 GN=BET1 PE=1 SV=1,,,,,,,,,,,,,,,,,,,,,,,,,,,,,,
Q05682,CALD1,Caldesmon OS=Homo sapiens OX=9606 GN=CALD1 PE=1 SV=3,,,,,,,,,,,,,,,,,,,,,,,,,,,,,,
P27797,CALR,Calreticulin OS=Homo sapiens OX=9606 GN=CALR PE=1 SV=1,,,,,,,,,,,,,,,,,,,,,,,,,,,,,,
P17655,CAPN2,Calpain-2 catalytic subunit OS=Homo sapiens OX=9606 GN=CAPN2 PE=1 SV=6,,,,,,,,,,,,,,,,,,,,,,,,,,,,,,
P49589,CARS1,"Cysteine--tRNA ligase, cytoplasmic OS=Homo sapiens OX=9606 GN=CARS1 PE=1 SV=3",,,,,,,,,,,,,,,,,,,,,,,,,,,,,,
O95400,CD2BP2,CD2 antigen cytoplasmic tail-binding protein 2 OS=Homo sapiens OX=9606 GN=CD2BP2 PE=1 SV=1,,,,,,,,,,,,,,,,,,,,,,,,,,,,,,
Q9Y592,CEP83,Centrosomal protein of 83 kDa OS=Homo sapiens OX=9606 GN=CEP83 PE=1 SV=3,,,,,,,,,,,,,,,,,,,,,,,,,,,,,,
Q9BUK0,CHCHD7,Coiled-coil-helix-coiled-coil-helix domain-containing protein 7 OS=Homo sapiens OX=9606 GN=CHCHD7 PE=1 SV=1,,,,,,,,,,,,,,,,,,,,,,,,,,,,,,
P25067,COL8A2,Collagen alpha-2(VIII) chain OS=Homo sapiens OX=9606 GN=COL8A2 PE=1 SV=2,,,,,,,,,,,,,,,,,,,,,,,,,,,,,,
P50416,CPT1A,"Carnitine O-palmitoyltransferase 1, liver isoform OS=Homo sapiens OX=9606 GN=CPT1A PE=1 SV=2",,,,,,,,,,,,,,,,,,,,,,,,,,,,,,
Q9H0L4,CSTF2T,Cleavage stimulation factor subunit 2 tau variant OS=Homo sapiens OX=9606 GN=CSTF2T PE=1 SV=1,,,,,,,,,,,,,,,,,,,,,,,,,,,,,,
P99999,CYCS,Cytochrome c OS=Homo sapiens OX=9606 GN=CYCS PE=1 SV=2,,,,,,,,,,,,,,,,,,,,,,,,,,,,,,
Q96EP5,DAZAP1,DAZ-associated protein 1 OS=Homo sapiens OX=9606 GN=DAZAP1 PE=1 SV=1,,,,,,,,,,,,,,,,,,,,,,,,,,,,,,
A2VCK2,DCDC2B,Doublecortin domain-containing protein 2B OS=Homo sapiens OX=9606 GN=DCDC2B PE=1 SV=1,,,,,,,,,,,,,,,,,,,,,,,,,,,,,,
P39656,DDOST,Dolichyl-diphosphooligosaccharide--protein glycosyltransferase 48 kDa subunit OS=Homo sapiens OX=9606 GN=DDOST PE=1 SV=4,,,,,,,,,,,,,,,,,,,,,,,,,,,,,,
O00273,DFFA,DNA fragmentation factor subunit alpha OS=Homo sapiens OX=9606 GN=DFFA PE=1 SV=1,,,,,,,,,,,,,,,,,,,,,,,,,,,,,,
Q13409,DYNC1I2,Cytoplasmic dynein 1 intermediate chain 2 OS=Homo sapiens OX=9606 GN=DYNC1I2 PE=1 SV=3,,,,,,,,,,,,,,,,,,,,,,,,,,,,,,
Q05639,EEF1A2,Elongation factor 1-alpha 2 OS=Homo sapiens OX=9606 GN=EEF1A2 PE=1 SV=1,,,,,,,,,,,,,,,,,,,,,,,,,,,,,,
O15371,EIF3D,Eukaryotic translation initiation factor 3 subunit D OS=Homo sapiens OX=9606 GN=EIF3D PE=1 SV=1,,,,,,,,,,,,,,,,,,,,,,,,,,,,,,
Q9UBQ5,EIF3K,Eukaryotic translation initiation factor 3 subunit K OS=Homo sapiens OX=9606 GN=EIF3K PE=1 SV=1,,,,,,,,,,,,,,,,,,,,,,,,,,,,,,
P55010,EIF5,Eukaryotic translation initiation factor 5 OS=Homo sapiens OX=9606 GN=EIF5 PE=1 SV=2,,,,,,,,,,,,,,,,,,,,,,,,,,,,,,
O60841,EIF5B,Eukaryotic translation initiation factor 5B OS=Homo sapiens OX=9606 GN=EIF5B PE=1 SV=4,,,,,,,,,,,,,,,,,,,,,,,,,,,,,,
P84090,ERH,Enhancer of rudimentary homolog OS=Homo sapiens OX=9606 GN=ERH PE=1 SV=1,,,,,,,,,,,,,,,,,,,,,,,,,,,,,,
Q01844,EWSR1,RNA-binding protein EWS OS=Homo sapiens OX=9606 GN=EWSR1 PE=1 SV=1,,,,,,,,,,,,,,,,,,,,,,,,,,,,,,
Q8TAV0,FAM76A,Protein FAM76A OS=Homo sapiens OX=9606 GN=FAM76A PE=2 SV=1,,,,,,,,,,,,,,,,,,,,,,,,,,,,,,
Q86YD7,FAM90A1,Protein FAM90A1 OS=Homo sapiens OX=9606 GN=FAM90A1 PE=1 SV=3,,,,,,,,,,,,,,,,,,,,,,,,,,,,,,
Q8NEZ5,FBXO22,F-box only protein 22 OS=Homo sapiens OX=9606 GN=FBXO22 PE=1 SV=1,,,,,,,,,,,,,,,,,,,,,,,,,,,,,,
Q02790,FKBP4,Peptidyl-prolyl cis-trans isomerase FKBP4 OS=Homo sapiens OX=9606 GN=FKBP4 PE=1 SV=3,,,,,,,,,,,,,,,,,,,,,,,,,,,,,,
Q14318,FKBP8,Peptidyl-prolyl cis-trans isomerase FKBP8 OS=Homo sapiens OX=9606 GN=FKBP8 PE=1 SV=2,,,,,,,,,,,,,,,,,,,,,,,,,,,,,,
Q68DX3,FRMPD2,FERM and PDZ domain-containing protein 2 OS=Homo sapiens OX=9606 GN=FRMPD2 PE=1 SV=3,,,,,,,,,,,,,,,,,,,,,,,,,,,,,,
Q13283,G3BP1,Ras GTPase-activating protein-binding protein 1 OS=Homo sapiens OX=9606 GN=G3BP1 PE=1 SV=1,,,,,,,,,,,,,,,,,,,,,,,,,,,,,,
P11413,G6PD,Glucose-6-phosphate 1-dehydrogenase OS=Homo sapiens OX=9606 GN=G6PD PE=1 SV=4,,,,,,,,,,,,,,,,,,,,,,,,,,,,,,
Q92616,GCN1,eIF-2-alpha kinase activator GCN1 OS=Homo sapiens OX=9606 GN=GCN1 PE=1 SV=7,,,,,,,,,,,,,,,,,,,,,,,,,,,,,,
Q8TEQ6,GEMIN5,Gem-associated protein 5 OS=Homo sapiens OX=9606 GN=GEMIN5 PE=1 SV=3,,,,,,,,,,,,,,,,,,,,,,,,,,,,,,
Q06210,GFPT1,Glutamine--fructose-6-phosphate aminotransferase [isomerizing] 1 OS=Homo sapiens OX=9606 GN=GFPT1 PE=1 SV=3,,,,,,,,,,,,,,,,,,,,,,,,,,,,,,
Q12849,GRSF1,G-rich sequence factor 1 OS=Homo sapiens OX=9606 GN=GRSF1 PE=1 SV=3,,,,,,,,,,,,,,,,,,,,,,,,,,,,,,
Q13888,GTF2H2,General transcription factor IIH subunit 2 OS=Homo sapiens OX=9606 GN=GTF2H2 PE=1 SV=1,,,,,,,,,,,,,,,,,,,,,,,,,,,,,,
P51124,GZMM,Granzyme M OS=Homo sapiens OX=9606 GN=GZMM PE=1 SV=2,,,,,,,,,,,,,,,,,,,,,,,,,,,,,,
P04439,HLA-A,"HLA class I histocompatibility antigen, A alpha chain OS=Homo sapiens OX=9606 GN=HLA-A PE=1 SV=2",,,,,,,,,,,,,,,,,,,,,,,,,,,,,,
O00410,IPO5,Importin-5 OS=Homo sapiens OX=9606 GN=IPO5 PE=1 SV=4,,,,,,,,,,,,,,,,,,,,,,,,,,,,,,
P52333,JAK3,Tyrosine-protein kinase JAK3 OS=Homo sapiens OX=9606 GN=JAK3 PE=1 SV=2,,,,,,,,,,,,,,,,,,,,,,,,,,,,,,
Q9H7Z6,KAT8,Histone acetyltransferase KAT8 OS=Homo sapiens OX=9606 GN=KAT8 PE=1 SV=2,,,,,,,,,,,,,,,,,,,,,,,,,,,,,,
P52292,KPNA2,Importin subunit alpha-1 OS=Homo sapiens OX=9606 GN=KPNA2 PE=1 SV=1,,,,,,,,,,,,,,,,,,,,,,,,,,,,,,
O00505,KPNA3,Importin subunit alpha-4 OS=Homo sapiens OX=9606 GN=KPNA3 PE=1 SV=2,,,,,,,,,,,,,,,,,,,,,,,,,,,,,,
Q14974,KPNB1,Importin subunit beta-1 OS=Homo sapiens OX=9606 GN=KPNB1 PE=1 SV=2,,,,,,,,,,,,,,,,,,,,,,,,,,,,,,
Q2M2I5,KRT24,"Keratin, type I cytoskeletal 24 OS=Homo sapiens OX=9606 GN=KRT24 PE=1 SV=1",,,,,,,,,,,,,,,,,,,,,,,,,,,,,,
Q9NSB2,KRT84,"Keratin, type II cuticular Hb4 OS=Homo sapiens OX=9606 GN=KRT84 PE=2 SV=2",,,,,,,,,,,,,,,,,,,,,,,,,,,,,,
Q96EM0,L3HYPDH,Trans-3-hydroxy-L-proline dehydratase OS=Homo sapiens OX=9606 GN=L3HYPDH PE=1 SV=2,,,,,,,,,,,,,,,,,,,,,,,,,,,,,,
Q9H9Z2,LIN28A,Protein lin-28 homolog A OS=Homo sapiens OX=9606 GN=LIN28A PE=1 SV=1,,,,,,,,,,,,,,,,,,,,,,,,,,,,,,
Q9P0N8,MARCHF2,E3 ubiquitin-protein ligase MARCHF2 OS=Homo sapiens OX=9606 GN=MARCHF2 PE=1 SV=1,,,,,,,,,,,,,,,,,,,,,,,,,,,,,,
P56192,MARS1,"Methionine--tRNA ligase, cytoplasmic OS=Homo sapiens OX=9606 GN=MARS1 PE=1 SV=2",,,,,,,,,,,,,,,,,,,,,,,,,,,,,,
P43121,MCAM,Cell surface glycoprotein MUC18 OS=Homo sapiens OX=9606 GN=MCAM PE=1 SV=2,,,,,,,,,,,,,,,,,,,,,,,,,,,,,,
P33992,MCM5,DNA replication licensing factor MCM5 OS=Homo sapiens OX=9606 GN=MCM5 PE=1 SV=5,,,,,,,,,,,,,,,,,,,,,,,,,,,,,,
P40925,MDH1,"Malate dehydrogenase, cytoplasmic OS=Homo sapiens OX=9606 GN=MDH1 PE=1 SV=4",,,,,,,,,,,,,,,,,,,,,,,,,,,,,,
P40926,MDH2,"Malate dehydrogenase, mitochondrial OS=Homo sapiens OX=9606 GN=MDH2 PE=1 SV=3",,,,,,,,,,,,,,,,,,,,,,,,,,,,,,
O75095,MEGF6,Multiple epidermal growth factor-like domains protein 6 OS=Homo sapiens OX=9606 GN=MEGF6 PE=1 SV=4,,,,,,,,,,,,,,,,,,,,,,,,,,,,,,
Q8N3J2,METTL4,N(6)-adenine-specific methyltransferase METTL4 OS=Homo sapiens OX=9606 GN=METTL4 PE=1 SV=3,,,,,,,,,,,,,,,,,,,,,,,,,,,,,,
Q5XKP0,MICOS13,MICOS complex subunit MIC13 OS=Homo sapiens OX=9606 GN=MICOS13 PE=1 SV=1,,,,,,,,,,,,,,,,,,,,,,,,,,,,,,
P46013,MKI67,Proliferation marker protein Ki-67 OS=Homo sapiens OX=9606 GN=MKI67 PE=1 SV=2,,,,,,,,,,,,,,,,,,,,,,,,,,,,,,
Q9NQ50,MRPL40,"39S ribosomal protein L40, mitochondrial OS=Homo sapiens OX=9606 GN=MRPL40 PE=1 SV=1",,,,,,,,,,,,,,,,,,,,,,,,,,,,,,
Q9Y2Q9,MRPS28,"28S ribosomal protein S28, mitochondrial OS=Homo sapiens OX=9606 GN=MRPS28 PE=1 SV=1",,,,,,,,,,,,,,,,,,,,,,,,,,,,,,
P52701,MSH6,DNA mismatch repair protein Msh6 OS=Homo sapiens OX=9606 GN=MSH6 PE=1 SV=2,,,,,,,,,,,,,,,,,,,,,,,,,,,,,,
Q9BQG0,MYBBP1A,Myb-binding protein 1A OS=Homo sapiens OX=9606 GN=MYBBP1A PE=1 SV=2,,,,,,,,,,,,,,,,,,,,,,,,,,,,,,
P35579,MYH9,Myosin-9 OS=Homo sapiens OX=9606 GN=MYH9 PE=1 SV=4,,,,,,,,,,,,,,,,,,,,,,,,,,,,,,
E9PAV3,NACA,"Nascent polypeptide-associated complex subunit alpha, muscle-specific form OS=Homo sapiens OX=9606 GN=NACA PE=1 SV=1",,,,,,,,,,,,,,,,,,,,,,,,,,,,,,
O75306,NDUFS2,"NADH dehydrogenase [ubiquinone] iron-sulfur protein 2, mitochondrial OS=Homo sapiens OX=9606 GN=NDUFS2 PE=1 SV=2",,,,,,,,,,,,,,,,,,,,,,,,,,,,,,
P49821,NDUFV1,"NADH dehydrogenase [ubiquinone] flavoprotein 1, mitochondrial OS=Homo sapiens OX=9606 GN=NDUFV1 PE=1 SV=4",,,,,,,,,,,,,,,,,,,,,,,,,,,,,,
P35240,NF2,Merlin OS=Homo sapiens OX=9606 GN=NF2 PE=1 SV=1,,,,,,,,,,,,,,,,,,,,,,,,,,,,,,
Q8N4C6,NIN,Ninein OS=Homo sapiens OX=9606 GN=NIN PE=1 SV=4,,,,,,,,,,,,,,,,,,,,,,,,,,,,,,
Q9Y266,NUDC,Nuclear migration protein nudC OS=Homo sapiens OX=9606 GN=NUDC PE=1 SV=1,,,,,,,,,,,,,,,,,,,,,,,,,,,,,,
Q99650,OSMR,Oncostatin-M-specific receptor subunit beta OS=Homo sapiens OX=9606 GN=OSMR PE=1 SV=1,,,,,,,,,,,,,,,,,,,,,,,,,,,,,,
P55809,OXCT1,"Succinyl-CoA:3-ketoacid coenzyme A transferase 1, mitochondrial OS=Homo sapiens OX=9606 GN=OXCT1 PE=1 SV=1",,,,,,,,,,,,,,,,,,,,,,,,,,,,,,
P11498,PC,"Pyruvate carboxylase, mitochondrial OS=Homo sapiens OX=9606 GN=PC PE=1 SV=2",,,,,,,,,,,,,,,,,,,,,,,,,,,,,,
P57721,PCBP3,Poly(rC)-binding protein 3 OS=Homo sapiens OX=9606 GN=PCBP3 PE=1 SV=2,,,,,,,,,,,,,,,,,,,,,,,,,,,,,,
Q96JY6,PDLIM2,PDZ and LIM domain protein 2 OS=Homo sapiens OX=9606 GN=PDLIM2 PE=1 SV=1,,,,,,,,,,,,,,,,,,,,,,,,,,,,,,
Q29RF7,PDS5A,Sister chromatid cohesion protein PDS5 homolog A OS=Homo sapiens OX=9606 GN=PDS5A PE=1 SV=1,,,,,,,,,,,,,,,,,,,,,,,,,,,,,,
Q8IZL8,PELP1,"Proline-, glutamic acid- and leucine-rich protein 1 OS=Homo sapiens OX=9606 GN=PELP1 PE=1 SV=2",,,,,,,,,,,,,,,,,,,,,,,,,,,,,,
O15067,PFAS,Phosphoribosylformylglycinamidine synthase OS=Homo sapiens OX=9606 GN=PFAS PE=1 SV=4,,,,,,,,,,,,,,,,,,,,,,,,,,,,,,
P18669,PGAM1,Phosphoglycerate mutase 1 OS=Homo sapiens OX=9606 GN=PGAM1 PE=1 SV=2,,,,,,,,,,,,,,,,,,,,,,,,,,,,,,
P20142,PGC,Gastricsin OS=Homo sapiens OX=9606 GN=PGC PE=1 SV=1,,,,,,,,,,,,,,,,,,,,,,,,,,,,,,
Q00169,PITPNA,Phosphatidylinositol transfer protein alpha isoform OS=Homo sapiens OX=9606 GN=PITPNA PE=1 SV=2,,,,,,,,,,,,,,,,,,,,,,,,,,,,,,
P00491,PNP,Purine nucleoside phosphorylase OS=Homo sapiens OX=9606 GN=PNP PE=1 SV=2,,,,,,,,,,,,,,,,,,,,,,,,,,,,,,
P63098,PPP3R1,Calcineurin subunit B type 1 OS=Homo sapiens OX=9606 GN=PPP3R1 PE=1 SV=2,,,,,,,,,,,,,,,,,,,,,,,,,,,,,,
P13861,PRKAR2A,cAMP-dependent protein kinase type II-alpha regulatory subunit OS=Homo sapiens OX=9606 GN=PRKAR2A PE=1 SV=2,,,,,,,,,,,,,,,,,,,,,,,,,,,,,,
Q8WWY3,PRPF31,U4/U6 small nuclear ribonucleoprotein Prp31 OS=Homo sapiens OX=9606 GN=PRPF31 PE=1 SV=2,,,,,,,,,,,,,,,,,,,,,,,,,,,,,,
Q8NAV1,PRPF38A,Pre-mRNA-splicing factor 38A OS=Homo sapiens OX=9606 GN=PRPF38A PE=1 SV=1,,,,,,,,,,,,,,,,,,,,,,,,,,,,,,
Q9Y520,PRRC2C,Protein PRRC2C OS=Homo sapiens OX=9606 GN=PRRC2C PE=1 SV=4,,,,,,,,,,,,,,,,,,,,,,,,,,,,,,
Q9Y617,PSAT1,Phosphoserine aminotransferase OS=Homo sapiens OX=9606 GN=PSAT1 PE=1 SV=2,,,,,,,,,,,,,,,,,,,,,,,,,,,,,,
Q8TAA3,PSMA8,Proteasome subunit alpha-type 8 OS=Homo sapiens OX=9606 GN=PSMA8 PE=2 SV=3,,,,,,,,,,,,,,,,,,,,,,,,,,,,,,
P28070,PSMB4,Proteasome subunit beta type-4 OS=Homo sapiens OX=9606 GN=PSMB4 PE=1 SV=4,,,,,,,,,,,,,,,,,,,,,,,,,,,,,,
P28072,PSMB6,Proteasome subunit beta type-6 OS=Homo sapiens OX=9606 GN=PSMB6 PE=1 SV=4,,,,,,,,,,,,,,,,,,,,,,,,,,,,,,
P62195,PSMC5,26S proteasome regulatory subunit 8 OS=Homo sapiens OX=9606 GN=PSMC5 PE=1 SV=1,,,,,,,,,,,,,,,,,,,,,,,,,,,,,,
P62333,PSMC6,26S proteasome regulatory subunit 10B OS=Homo sapiens OX=9606 GN=PSMC6 PE=1 SV=1,,,,,,,,,,,,,,,,,,,,,,,,,,,,,,
Q13200,PSMD2,26S proteasome non-ATPase regulatory subunit 2 OS=Homo sapiens OX=9606 GN=PSMD2 PE=1 SV=3,,,,,,,,,,,,,,,,,,,,,,,,,,,,,,
Q9UHX1,PUF60,Poly(U)-binding-splicing factor PUF60 OS=Homo sapiens OX=9606 GN=PUF60 PE=1 SV=1,,,,,,,,,,,,,,,,,,,,,,,,,,,,,,
P62820,RAB1A,"Ras-related protein Rab-1A OS=Homo sapiens OX=9606 GN=RAB1A PE=1 SV=3, Ras-related protein Rab-1A OS=Homo sapiens OX=9606 GN=RAB1A PE=1 SV=3",,,,,,,,,,,,,,,,,,,,,,,,,,,,,,
O60216,RAD21,Double-strand-break repair protein rad21 homolog OS=Homo sapiens OX=9606 GN=RAD21 PE=1 SV=2,,,,,,,,,,,,,,,,,,,,,,,,,,,,,,
Q92878,RAD50,DNA repair protein RAD50 OS=Homo sapiens OX=9606 GN=RAD50 PE=1 SV=1,,,,,,,,,,,,,,,,,,,,,,,,,,,,,,
A6NIZ1,RAP1BL,Ras-related protein Rap-1b-like protein OS=Homo sapiens OX=9606 PE=2 SV=1,,,,,,,,,,,,,,,,,,,,,,,,,,,,,,
Q96PK6,RBM14,RNA-binding protein 14 OS=Homo sapiens OX=9606 GN=RBM14 PE=1 SV=2,,,,,,,,,,,,,,,,,,,,,,,,,,,,,,
Q9NW64,RBM22,Pre-mRNA-splicing factor RBM22 OS=Homo sapiens OX=9606 GN=RBM22 PE=1 SV=1,,,,,,,,,,,,,,,,,,,,,,,,,,,,,,
P18754,RCC1,Regulator of chromosome condensation OS=Homo sapiens OX=9606 GN=RCC1 PE=1 SV=1,,,,,,,,,,,,,,,,,,,,,,,,,,,,,,
Q9P258,RCC2,Protein RCC2 OS=Homo sapiens OX=9606 GN=RCC2 PE=1 SV=2,,,,,,,,,,,,,,,,,,,,,,,,,,,,,,
Q15293,RCN1,Reticulocalbin-1 OS=Homo sapiens OX=9606 GN=RCN1 PE=1 SV=1,,,,,,,,,,,,,,,,,,,,,,,,,,,,,,
Q14257,RCN2,Reticulocalbin-2 OS=Homo sapiens OX=9606 GN=RCN2 PE=1 SV=1,,,,,,,,,,,,,,,,,,,,,,,,,,,,,,
P40937,RFC5,Replication factor C subunit 5 OS=Homo sapiens OX=9606 GN=RFC5 PE=1 SV=1,,,,,,,,,,,,,,,,,,,,,,,,,,,,,,
P61586,RHOA,Transforming protein RhoA OS=Homo sapiens OX=9606 GN=RHOA PE=1 SV=1,,,,,,,,,,,,,,,,,,,,,,,,,,,,,,
Q9H4A4,RNPEP,Aminopeptidase B OS=Homo sapiens OX=9606 GN=RNPEP PE=1 SV=2,,,,,,,,,,,,,,,,,,,,,,,,,,,,,,
P27694,RPA1,Replication protein A 70 kDa DNA-binding subunit OS=Homo sapiens OX=9606 GN=RPA1 PE=1 SV=2,,,,,,,,,,,,,,,,,,,,,,,,,,,,,,
P36578,RPL4,60S ribosomal protein L4 OS=Homo sapiens OX=9606 GN=RPL4 PE=1 SV=5,,,,,,,,,,,,,,,,,,,,,,,,,,,,,,
P62280,RPS11,40S ribosomal protein S11 OS=Homo sapiens OX=9606 GN=RPS11 PE=1 SV=3,,,,,,,,,,,,,,,,,,,,,,,,,,,,,,
P23921,RRM1,Ribonucleoside-diphosphate reductase large subunit OS=Homo sapiens OX=9606 GN=RRM1 PE=1 SV=1,,,,,,,,,,,,,,,,,,,,,,,,,,,,,,
Q9NQC3,RTN4,Reticulon-4 OS=Homo sapiens OX=9606 GN=RTN4 PE=1 SV=2,,,,,,,,,,,,,,,,,,,,,,,,,,,,,,
Q9HCY8,S100A14,Protein S100-A14 OS=Homo sapiens OX=9606 GN=S100A14 PE=1 SV=1,,,,,,,,,,,,,,,,,,,,,,,,,,,,,,
Q5SY68,S100A7L2,Protein S100-A7-like 2 OS=Homo sapiens OX=9606 GN=S100A7L2 PE=1 SV=1,,,,,,,,,,,,,,,,,,,,,,,,,,,,,,
P82979,SARNP,SAP domain-containing ribonucleoprotein OS=Homo sapiens OX=9606 GN=SARNP PE=1 SV=3,,,,,,,,,,,,,,,,,,,,,,,,,,,,,,
Q6UWP8,SBSN,Suprabasin OS=Homo sapiens OX=9606 GN=SBSN PE=1 SV=2,,,,,,,,,,,,,,,,,,,,,,,,,,,,,,
Q6AZY7,SCARA3,Scavenger receptor class A member 3 OS=Homo sapiens OX=9606 GN=SCARA3 PE=1 SV=1,,,,,,,,,,,,,,,,,,,,,,,,,,,,,,
Q15436,SEC23A,Protein transport protein Sec23A OS=Homo sapiens OX=9606 GN=SEC23A PE=1 SV=2,,,,,,,,,,,,,,,,,,,,,,,,,,,,,,
O94979,SEC31A,Protein transport protein Sec31A OS=Homo sapiens OX=9606 GN=SEC31A PE=1 SV=3,,,,,,,,,,,,,,,,,,,,,,,,,,,,,,
O95528,SLC2A10,"Solute carrier family 2, facilitated glucose transporter member 10 OS=Homo sapiens OX=9606 GN=SLC2A10 PE=1 SV=2",,,,,,,,,,,,,,,,,,,,,,,,,,,,,,
P52788,SMS,Spermine synthase OS=Homo sapiens OX=9606 GN=SMS PE=1 SV=2,,,,,,,,,,,,,,,,,,,,,,,,,,,,,,
P09661,SNRPA1,U2 small nuclear ribonucleoprotein A' OS=Homo sapiens OX=9606 GN=SNRPA1 PE=1 SV=2,,,,,,,,,,,,,,,,,,,,,,,,,,,,,,
Q01892,SPIB,Transcription factor Spi-B OS=Homo sapiens OX=9606 GN=SPIB PE=1 SV=1,,,,,,,,,,,,,,,,,,,,,,,,,,,,,,
Q01130,SRSF2,Serine/arginine-rich splicing factor 2 OS=Homo sapiens OX=9606 GN=SRSF2 PE=1 SV=4,,,,,,,,,,,,,,,,,,,,,,,,,,,,,,
Q08945,SSRP1,FACT complex subunit SSRP1 OS=Homo sapiens OX=9606 GN=SSRP1 PE=1 SV=1,,,,,,,,,,,,,,,,,,,,,,,,,,,,,,
O00267,SUPT5H,Transcription elongation factor SPT5 OS=Homo sapiens OX=9606 GN=SUPT5H PE=1 SV=1,,,,,,,,,,,,,,,,,,,,,,,,,,,,,,
P22735,TGM1,"Protein-glutamine gamma-glutamyltransferase K OS=Homo sapiens OX=9606 GN=TGM1 PE=1 SV=4, Protein-glutamine gamma-glutamyltransferase K OS=Homo sapiens OX=9606 GN=TGM1 PE=1 SV=4, Protein-glutamine gamma-glutamyltransferase K OS=Homo sapiens OX=9606 GN=TGM1 PE=1 SV=4",,,,,,,,,,,,,,,,,,,,,,,,,,,,,,
P07996,THBS1,Thrombospondin-1 OS=Homo sapiens OX=9606 GN=THBS1 PE=1 SV=2,,,,,,,,,,,,,,,,,,,,,,,,,,,,,,
Q15363,TMED2,Transmembrane emp24 domain-containing protein 2 OS=Homo sapiens OX=9606 GN=TMED2 PE=1 SV=1,,,,,,,,,,,,,,,,,,,,,,,,,,,,,,
Q15785,TOMM34,Mitochondrial import receptor subunit TOM34 OS=Homo sapiens OX=9606 GN=TOMM34 PE=1 SV=2,,,,,,,,,,,,,,,,,,,,,,,,,,,,,,
P12270,TPR,Nucleoprotein TPR OS=Homo sapiens OX=9606 GN=TPR PE=1 SV=3,,,,,,,,,,,,,,,,,,,,,,,,,,,,,,
Q8TEL6,TRPC4AP,Short transient receptor potential channel 4-associated protein OS=Homo sapiens OX=9606 GN=TRPC4AP PE=1 SV=2,,,,,,,,,,,,,,,,,,,,,,,,,,,,,,
Q99614,TTC1,Tetratricopeptide repeat protein 1 OS=Homo sapiens OX=9606 GN=TTC1 PE=1 SV=1,,,,,,,,,,,,,,,,,,,,,,,,,,,,,,
O15042,U2SURP,U2 snRNP-associated SURP motif-containing protein OS=Homo sapiens OX=9606 GN=U2SURP PE=1 SV=2,,,,,,,,,,,,,,,,,,,,,,,,,,,,,,
P55072,VCP,"Transitional endoplasmic reticulum ATPase OS=Homo sapiens OX=9606 GN=VCP PE=1 SV=4, Transitional endoplasmic reticulum ATPase OS=Homo sapiens OX=9606 GN=VCP PE=1 SV=4",,,,,,,,,,,,,,,,,,,,,,,,,,,,,,
P62258,YWHAE,14-3-3 protein epsilon OS=Homo sapiens OX=9606 GN=YWHAE PE=1 SV=1,,,,,,,,,,,,,,,,,,,,,,,,,,,,,,
Q9UJU3,ZNF112,Zinc finger protein 112 OS=Homo sapiens OX=9606 GN=ZNF112 PE=1 SV=2,,,,,,,,,,,,,,,,,,,,,,,,,,,,,,
Q6S9Z5,ZNF474,Zinc finger protein 474 OS=Homo sapiens OX=9606 GN=ZNF474 PE=1 SV=1,,,,,,,,,,,,,,,,,,,,,,,,,,,,,,
