Protein FDR Confidence Combined,Master,Accession,Description,% Coverage,# Peptides,# PSMs,# Unique Peptides,MW in kDa,Gene Symbol,t=24 WT YAP Abundance 1248771,t=24 YT2 YAP Abundance 1248772,t=24 WT TAZ Abundance 1248773,t=24 YT2 TAZ Abundance 1248774,t=24 Y2 TAZ Abundance 1248775
High,Master Protein,P27816,Microtubule-associated protein 4 OS=Homo sapiens OX=9606 GN=MAP4 PE=1 SV=3,51,57,505,57,120.9,MAP4,77985257.55,92275344.12,51403623.95,78499919.9,22478433.26
High,Master Protein,P51610,Host cell factor 1 OS=Homo sapiens OX=9606 GN=HCFC1 PE=1 SV=2,27,39,202,39,208.6,HCFC1,33496456.15,15465025.59,25671586.34,11505109.99,241937.87
High,Master Protein,Q9BY77,Polymerase delta-interacting protein 3 OS=Homo sapiens OX=9606 GN=POLDIP3 PE=1 SV=2,65,27,168,27,46.1,POLDIP3,67671031.38,34934663.05,46230272.89,30920221.84,814769.41
High,Master Protein,P0DOX5,Immunoglobulin gamma-1 heavy chain OS=Homo sapiens OX=9606 PE=1 SV=2,30,10,147,8,49.3,,127777779.5,128589989,1207931155,1256418978,912720894.4
High,Master Protein,P15924,Desmoplakin OS=Homo sapiens OX=9606 GN=DSP PE=1 SV=3,20,51,132,51,331.6,DSP,10915313.93,5868187.92,4695553.35,10154678.84,2796019.03
High,Master Protein,P60709,"Actin, cytoplasmic 1 OS=Homo sapiens OX=9606 GN=ACTB PE=1 SV=1",58,15,108,8,41.7,ACTB,25501081.93,4789756.73,17983821.04,11849344.91,1088877.06
High,Master Protein,P46937,Transcriptional coactivator YAP1 OS=Homo sapiens OX=9606 GN=YAP1 PE=1 SV=2,50,18,107,18,54.4,YAP1,103653878.8,829320.28,17738505.52,191385.58,93232.83
High,Master Protein,P14923,Junction plakoglobin OS=Homo sapiens OX=9606 GN=JUP PE=1 SV=3,41,25,105,25,81.7,JUP,6304085.01,3474825.2,2634383.2,9193894.54,1475083.88
High,Master Protein,P02768,Albumin OS=Homo sapiens OX=9606 GN=ALB PE=1 SV=2,23,15,99,15,69.3,ALB,18292474.23,10819454.16,15418090.01,44973410.69,5008711.17
High,Master Protein,Q7Z589,BRCA2-interacting transcriptional repressor EMSY OS=Homo sapiens OX=9606 GN=EMSY PE=1 SV=2,20,22,89,22,141.4,EMSY,9158449.83,5990401.49,6513964.52,4872494.06,2532.39
High,Master Protein,A6NCN2,Putative keratin-87 protein OS=Homo sapiens OX=9606 GN=KRT87P PE=5 SV=4,66,23,86,2,29.1,KRT87P,,,,2233614.42,43383.97
High,Master Protein,P62269,Small ribosomal subunit protein uS13 OS=Homo sapiens OX=9606 GN=RPS18 PE=1 SV=3,50,11,82,11,17.7,RPS18,20327731.08,22098870.27,11493792.84,23374818.5,9913896.69
High,Master Protein,P11142,Heat shock cognate 71 kDa protein OS=Homo sapiens OX=9606 GN=HSPA8 PE=1 SV=1,43,24,80,19,70.9,HSPA8,9274631.03,2359335.46,3452057.44,3888997.51,727517.46
High,Master Protein,P11387,DNA topoisomerase 1 OS=Homo sapiens OX=9606 GN=TOP1 PE=1 SV=2,24,19,76,19,90.7,TOP1,3911321.33,4528835.8,3181839.6,4090518.27,2705726.75
High,Master Protein,P01859,Immunoglobulin heavy constant gamma 2 OS=Homo sapiens OX=9606 GN=IGHG2 PE=1 SV=3,17,6,72,4,43.8,IGHG2,711039.39,536831.72,528243.66,554554.66,572955.9
High,Master Protein,P52272,Heterogeneous nuclear ribonucleoprotein M OS=Homo sapiens OX=9606 GN=HNRNPM PE=1 SV=3,37,24,71,24,77.5,HNRNPM,4007287.88,847770.27,5334400.04,1745205.62,79719.3
High,Master Protein,Q86YZ3,Hornerin OS=Homo sapiens OX=9606 GN=HRNR PE=1 SV=2,15,16,70,16,282.2,HRNR,7110466.43,3352893.72,3877389.75,3385953.45,1320644.51
High,Master Protein,Q02413,Desmoglein-1 OS=Homo sapiens OX=9606 GN=DSG1 PE=1 SV=2,23,17,68,17,113.7,DSG1,2878852.16,1715825.31,1340947.67,1398188.31,757950.63
High,Master Protein,P68104,Elongation factor 1-alpha 1 OS=Homo sapiens OX=9606 GN=EEF1A1 PE=1 SV=1,27,11,67,11,50.1,EEF1A1,10959956.55,3271549.47,6993732.5,10539785.97,1390660.24
High,Master Protein,Q00839,Heterogeneous nuclear ribonucleoprotein U OS=Homo sapiens OX=9606 GN=HNRNPU PE=1 SV=6,20,16,65,16,90.5,HNRNPU,10087042.45,2415025.42,7575939.03,3313229.97,13151.44
High,Master Protein,P62736,"Actin, aortic smooth muscle OS=Homo sapiens OX=9606 GN=ACTA2 PE=1 SV=1",24,8,65,1,42,ACTA2,1483891.94,718823.7,461003.79,388469.14,265326.04
High,Master Protein,P62701,"Small ribosomal subunit protein eS4, X isoform OS=Homo sapiens OX=9606 GN=RPS4X PE=1 SV=2",52,14,64,14,29.6,RPS4X,6017892.45,2861978.34,2844426.74,3015911.47,2831652.41
High,Master Protein,Q6P4R8,Nuclear factor related to kappa-B-binding protein OS=Homo sapiens OX=9606 GN=NFRKB PE=1 SV=2,19,17,62,17,138.9,NFRKB,3732638.65,1586240.26,3322480.74,1205650.83,23091.87
High,Master Protein,P0CG12,Decreased expression in renal and prostate cancer protein OS=Homo sapiens OX=9606 GN=DERPC PE=1 SV=1,43,15,62,15,51.4,DERPC,4110644.82,2514218.73,3988714.43,2139041.29,14046.05
High,Master Protein,P08670,Vimentin OS=Homo sapiens OX=9606 GN=VIM PE=1 SV=4,54,25,60,22,53.6,VIM,455758.83,8098999.89,458603.39,4356307.97,82870.95
High,Master Protein,Q6ZU65,Ubinuclein-2 OS=Homo sapiens OX=9606 GN=UBN2 PE=1 SV=2,14,14,60,14,146,UBN2,4802335.7,5272980.83,3048969.67,3621953.93,71971.73
High,Master Protein,P62805,Histone H4 OS=Homo sapiens OX=9606 GN=H4C1 PE=1 SV=2,52,7,59,7,11.4,H4C1; H4C11; H4C12; H4C13; H4C14; H4C15; H4C16; H4C2; H4C3; H4C4; H4C5; H4C6; H4C8; H4C9,26172104.21,5328606.03,10328062.24,17330938.29,1275866.52
High,Master Protein,P38159,"RNA-binding motif protein, X chromosome OS=Homo sapiens OX=9606 GN=RBMX PE=1 SV=3",40,15,56,15,42.3,RBMX,6385048.11,1365913.57,4070941.64,1431338.85,133421.88
High,Master Protein,Q15393,Splicing factor 3B subunit 3 OS=Homo sapiens OX=9606 GN=SF3B3 PE=1 SV=4,17,17,54,17,135.5,SF3B3,2986746.62,1095346.16,2168824.59,970609.55,22478.52
High,Master Protein,P61978,Heterogeneous nuclear ribonucleoprotein K OS=Homo sapiens OX=9606 GN=HNRNPK PE=1 SV=1,27,9,54,9,50.9,HNRNPK,3266204.92,698269.4,1979279.59,1052407.21,84743.01
High,Master Protein,O60814,Histone H2B type 1-K OS=Homo sapiens OX=9606 GN=H2BC12 PE=1 SV=3,47,7,52,2,13.9,H2BC12,35584507.46,6154760.34,15125044.38,19562484.77,918862.41
High,Master Protein,P04406,Glyceraldehyde-3-phosphate dehydrogenase OS=Homo sapiens OX=9606 GN=GAPDH PE=1 SV=3,30,8,50,7,36,GAPDH,4576178.3,2748972.82,2257710.18,3572315.06,1512894
High,Master Protein,P07910,Heterogeneous nuclear ribonucleoproteins C1/C2 OS=Homo sapiens OX=9606 GN=HNRNPC PE=1 SV=4,27,9,49,5,33.7,HNRNPC,9243816.73,4101280.04,5692076.07,3340054.09,2511844.19
High,Master Protein,P0C0S8,Histone H2A type 1 OS=Homo sapiens OX=9606 GN=H2AC11 PE=1 SV=2,35,5,49,2,14.1,H2AC11; H2AC13; H2AC15; H2AC16; H2AC17,29932752.68,6324825.19,11642380.04,7831792.77,1600325.43
High,Master Protein,Q96EV2,RNA-binding protein 33 OS=Homo sapiens OX=9606 GN=RBM33 PE=1 SV=3,16,11,48,11,129.9,RBM33,1618674.65,1769726.38,1174151.31,1096127.7,40433.16
High,Master Protein,P06899,Histone H2B type 1-J OS=Homo sapiens OX=9606 GN=H2BC11 PE=1 SV=3,47,7,46,2,13.9,H2BC11,496649.51,132751.45,251406.4,230110.86,14526.72
High,Master Protein,P17844,Probable ATP-dependent RNA helicase DDX5 OS=Homo sapiens OX=9606 GN=DDX5 PE=1 SV=1,24,14,44,9,69.1,DDX5,3993710.25,1004379.52,2707578.05,1173821.66,13084.02
High,Master Protein,O75643,U5 small nuclear ribonucleoprotein 200 kDa helicase OS=Homo sapiens OX=9606 GN=SNRNP200 PE=1 SV=2,11,20,42,20,244.4,SNRNP200,2607352.29,727667.18,1705343.19,843586.78,90230.02
High,Master Protein,O75533,Splicing factor 3B subunit 1 OS=Homo sapiens OX=9606 GN=SF3B1 PE=1 SV=3,11,13,40,13,145.7,SF3B1,2397751.94,869319.76,1921414.62,965689.63,21077.19
High,Master Protein,Q8WWK9,Cytoskeleton-associated protein 2 OS=Homo sapiens OX=9606 GN=CKAP2 PE=1 SV=1,14,11,40,11,76.9,CKAP2,6699718.01,5618772.72,3525703.16,4577666.99,130849.84
High,Master Protein,Q15029,116 kDa U5 small nuclear ribonucleoprotein component OS=Homo sapiens OX=9606 GN=EFTUD2 PE=1 SV=1,18,14,40,13,109.4,EFTUD2,3738917.71,1191210.38,2418222.73,1235934.16,105501.34
High,Master Protein,Q9UKM9,RNA-binding protein Raly OS=Homo sapiens OX=9606 GN=RALY PE=1 SV=1,31,9,38,9,32.4,RALY,4025180.75,8569485.75,2241909.79,9288415.15,288298.32
High,Master Protein,P62280,Small ribosomal subunit protein uS17 OS=Homo sapiens OX=9606 GN=RPS11 PE=1 SV=3,57,10,37,10,18.4,RPS11,2723544.35,6153449.7,2067058.92,6642249.55,4001769.54
High,Master Protein,P62277,Small ribosomal subunit protein uS15 OS=Homo sapiens OX=9606 GN=RPS13 PE=1 SV=2,48,8,36,8,17.2,RPS13,3299573.56,2079444.59,1355526.26,2039214.5,1929270.45
High,Master Protein,P43243,Matrin-3 OS=Homo sapiens OX=9606 GN=MATR3 PE=1 SV=2,18,12,36,12,94.6,MATR3,2199830.55,463198.47,1877818.33,1213185.22,38744.83
High,Master Protein,P06748,Nucleophosmin OS=Homo sapiens OX=9606 GN=NPM1 PE=1 SV=2,31,8,36,8,32.6,NPM1,6338198.34,1421414.6,3353927.52,1882980.17,
High,Master Protein,P62249,Small ribosomal subunit protein uS9 OS=Homo sapiens OX=9606 GN=RPS16 PE=1 SV=2,38,6,36,6,16.4,RPS16,1718251.9,2940458.59,1143441.27,3149573.13,2649374.41
High,Master Protein,Q6P2Q9,Pre-mRNA-processing-splicing factor 8 OS=Homo sapiens OX=9606 GN=PRPF8 PE=1 SV=2,8,17,35,17,273.4,PRPF8,2083537.57,606507.5,1277121.68,511022.21,25656.55
High,Master Protein,Q96PK6,RNA-binding protein 14 OS=Homo sapiens OX=9606 GN=RBM14 PE=1 SV=2,22,12,34,12,69.4,RBM14,2564122.47,207631.24,1279433.73,412922.23,
High,Master Protein,P23246,"Splicing factor, proline- and glutamine-rich OS=Homo sapiens OX=9606 GN=SFPQ PE=1 SV=2",15,10,33,9,76.1,SFPQ,4014544.99,649826.1,1697488.38,1449688.26,83764.29
High,Master Protein,Q92841,Probable ATP-dependent RNA helicase DDX17 OS=Homo sapiens OX=9606 GN=DDX17 PE=1 SV=2,16,10,33,5,80.2,DDX17,700453.86,148129.9,425600.95,143790.57,90338.28
High,Master Protein,P26373,Large ribosomal subunit protein eL13 OS=Homo sapiens OX=9606 GN=RPL13 PE=1 SV=4,29,6,32,6,24.2,RPL13,2402693.98,4659759.78,1501264.45,3916060.28,1056152.77
High,Master Protein,P29375,Lysine-specific demethylase 5A OS=Homo sapiens OX=9606 GN=KDM5A PE=1 SV=3,10,14,31,14,192,KDM5A,848210.62,400635.02,793507.02,210390.67,8853.54
High,Master Protein,P22626,Heterogeneous nuclear ribonucleoproteins A2/B1 OS=Homo sapiens OX=9606 GN=HNRNPA2B1 PE=1 SV=2,34,11,31,9,37.4,HNRNPA2B1,6765540.58,1298402.23,1836021.19,1179181.66,291544.68
High,Master Protein,P16402,Histone H1.3 OS=Homo sapiens OX=9606 GN=H1-3 PE=1 SV=2,29,8,31,6,22.3,H1-3,6007796.96,1715210.16,2642231.99,4116854.85,4059557.32
High,Master Protein,Q86YP4,Transcriptional repressor p66-alpha OS=Homo sapiens OX=9606 GN=GATAD2A PE=1 SV=1,20,9,30,9,68,GATAD2A,2123656.9,1602350.45,1473368.69,1376716.36,146188.39
High,Master Protein,Q92922,SWI/SNF complex subunit SMARCC1 OS=Homo sapiens OX=9606 GN=SMARCC1 PE=1 SV=3,17,17,30,17,122.8,SMARCC1,2958793.33,119823.2,2263662.71,289007.07,10987.22
High,Master Protein,Q9UMS4,Pre-mRNA-processing factor 19 OS=Homo sapiens OX=9606 GN=PRPF19 PE=1 SV=1,25,11,30,11,55.1,PRPF19,4932152.37,1249489.37,2182948.77,1388638.33,208765.54
High,Master Protein,Q9H6K5,Proline-rich protein 36 OS=Homo sapiens OX=9606 GN=PRR36 PE=1 SV=2,10,9,29,9,132.7,PRR36,3374148.4,1627114.22,1637610.5,1183243.41,120989.82
High,Master Protein,P62266,Small ribosomal subunit protein uS12 OS=Homo sapiens OX=9606 GN=RPS23 PE=1 SV=3,29,5,29,5,15.8,RPS23,2394723.3,4390883.78,1289046.4,4626689.22,2363680.17
High,Master Protein,Q69YN4,Protein virilizer homolog OS=Homo sapiens OX=9606 GN=VIRMA PE=1 SV=2,2,4,29,4,201.9,VIRMA,2234438.09,1225338.5,1052025.63,1103347.78,
High,Master Protein,P09651,Heterogeneous nuclear ribonucleoprotein A1 OS=Homo sapiens OX=9606 GN=HNRNPA1 PE=1 SV=5,31,9,29,7,38.7,HNRNPA1,1425166.41,372871.41,410447.29,931864.46,121760.21
High,Master Protein,Q9NR30,Nucleolar RNA helicase 2 OS=Homo sapiens OX=9606 GN=DDX21 PE=1 SV=5,20,13,28,10,87.3,DDX21,2818316.01,369816.95,2286379.66,379356.38,9614.12
High,Master Protein,P05109,Protein S100-A8 OS=Homo sapiens OX=9606 GN=S100A8 PE=1 SV=1,47,5,28,5,10.8,S100A8,2730613.7,1667724.32,1614318.69,5951295.75,1252644.12
High,Master Protein,P06702,Protein S100-A9 OS=Homo sapiens OX=9606 GN=S100A9 PE=1 SV=1,32,4,28,4,13.2,S100A9,2257102.65,1292583.84,1490728.51,2776004.4,894459.68
High,Master Protein,P68363,Tubulin alpha-1B chain OS=Homo sapiens OX=9606 GN=TUBA1B PE=1 SV=1,35,12,28,3,50.1,TUBA1B,1606888.41,405141.63,484709.61,2619584.64,269548.63
High,Master Protein,P11021,Endoplasmic reticulum chaperone BiP OS=Homo sapiens OX=9606 GN=HSPA5 PE=1 SV=2,22,11,27,9,72.3,HSPA5,488663.27,525215.47,278576.21,528858.86,384681.61
High,Master Protein,P05089,Arginase-1 OS=Homo sapiens OX=9606 GN=ARG1 PE=1 SV=2,33,8,27,8,34.7,ARG1,1244653.28,713129.38,656083.45,578417.69,347785.83
High,Master Protein,Q6PGN9,Proline/serine-rich coiled-coil protein 1 OS=Homo sapiens OX=9606 GN=PSRC1 PE=1 SV=1,23,8,27,8,38.8,PSRC1,1803952.92,795414.21,1198381.45,742320.5,25516.23
High,Master Protein,P11137,Microtubule-associated protein 2 OS=Homo sapiens OX=9606 GN=MAP2 PE=1 SV=4,6,9,27,9,199.4,MAP2,351088.64,2575345.59,183990.13,2081492.46,394275.83
High,Master Protein,P16401,Histone H1.5 OS=Homo sapiens OX=9606 GN=H1-5 PE=1 SV=3,18,5,26,3,22.6,H1-5,1153843.31,224494.09,459264.84,404407,12644.31
High,Master Protein,Q99594,Transcriptional enhancer factor TEF-5 OS=Homo sapiens OX=9606 GN=TEAD3 PE=1 SV=2,32,13,26,7,48.6,TEAD3,14976174.63,149456.8,22018.32,,11863.68
High,Master Protein,Q8TF74,WAS/WASL-interacting protein family member 2 OS=Homo sapiens OX=9606 GN=WIPF2 PE=1 SV=1,29,9,26,9,46.3,WIPF2,496472.23,502395.92,359029.46,326180.33,29332.36
High,Master Protein,P31944,Caspase-14 OS=Homo sapiens OX=9606 GN=CASP14 PE=1 SV=2,22,5,24,5,27.7,CASP14,836787.63,345199.06,455279.41,218133.97,220998.22
High,Master Protein,P51532,Transcription activator BRG1 OS=Homo sapiens OX=9606 GN=SMARCA4 PE=1 SV=2,7,11,24,6,184.5,SMARCA4,2203335.16,62444.79,1780849.69,95566.49,18015.51
High,Master Protein,P14866,Heterogeneous nuclear ribonucleoprotein L OS=Homo sapiens OX=9606 GN=HNRNPL PE=1 SV=2,22,11,24,11,64.1,HNRNPL,4598068.72,507841.07,2083118.23,1061227.32,59683.03
High,Master Protein,P81605,Dermcidin OS=Homo sapiens OX=9606 GN=DCD PE=1 SV=2,43,5,24,5,11.3,DCD,2871805.52,943962.39,1852223.72,476062.27,563413.75
High,Master Protein,P38646,"Stress-70 protein, mitochondrial OS=Homo sapiens OX=9606 GN=HSPA9 PE=1 SV=2",14,8,24,7,73.6,HSPA9,692361.01,340423.53,489384.67,219167.31,128702.29
High,Master Protein,P07437,Tubulin beta chain OS=Homo sapiens OX=9606 GN=TUBB PE=1 SV=2,27,10,24,3,49.6,TUBB,205259.73,79908.56,170720.36,542250.68,45558.89
High,Master Protein,P28347,Transcriptional enhancer factor TEF-1 OS=Homo sapiens OX=9606 GN=TEAD1 PE=1 SV=2,20,9,23,3,47.9,TEAD1,4043848.53,,,,
High,Master Protein,P61513,Large ribosomal subunit protein eL43 OS=Homo sapiens OX=9606 GN=RPL37A PE=1 SV=2,51,5,23,5,10.3,RPL37A,4513544.15,2360865.34,2520759.02,2838619.83,520959.85
High,Master Protein,P28799,Progranulin OS=Homo sapiens OX=9606 GN=GRN PE=1 SV=2,11,7,23,7,63.5,GRN,3019791.38,1075910.86,2163184.69,1646056.03,334606.61
High,Master Protein,Q96P63,Serpin B12 OS=Homo sapiens OX=9606 GN=SERPINB12 PE=1 SV=1,13,5,23,5,46.2,SERPINB12,1690751.19,874900.79,576112.2,670983.48,403173.39
High,Master Protein,P46087,Probable 28S rRNA (cytosine(4447)-C(5))-methyltransferase OS=Homo sapiens OX=9606 GN=NOP2 PE=1 SV=2,12,8,23,8,89.2,NOP2,995210.88,617106.05,532398.72,567832.05,92854.37
High,Master Protein,P16104,Histone H2AX OS=Homo sapiens OX=9606 GN=H2AX PE=1 SV=2,32,4,23,1,15.1,H2AX,190906.13,33074.32,52805.33,61120.25,
High,Master Protein,Q13885,Tubulin beta-2A chain OS=Homo sapiens OX=9606 GN=TUBB2A PE=1 SV=1,27,10,22,3,49.9,TUBB2A,312173.92,117040.04,138440.86,1678104.36,52457.4
High,Master Protein,Q9BXS6,Nucleolar and spindle-associated protein 1 OS=Homo sapiens OX=9606 GN=NUSAP1 PE=1 SV=1,13,5,22,5,49.4,NUSAP1,1220326.46,659661.3,730230.46,684862.4,92228.15
High,Master Protein,P0DMV9,Heat shock 70 kDa protein 1B OS=Homo sapiens OX=9606 GN=HSPA1B PE=1 SV=1,18,9,22,6,70,HSPA1B,631198.27,126579.54,78770.38,268322.06,23321.11
High,Master Protein,P38919,Eukaryotic initiation factor 4A-III OS=Homo sapiens OX=9606 GN=EIF4A3 PE=1 SV=4,22,10,22,10,46.8,EIF4A3,1641352.02,320850.58,984560,410672.66,
High,Master Protein,P68366,Tubulin alpha-4A chain OS=Homo sapiens OX=9606 GN=TUBA4A PE=1 SV=1,30,10,22,1,49.9,TUBA4A,,,,93676.27,6276.54
High,Master Protein,Q5D862,Filaggrin-2 OS=Homo sapiens OX=9606 GN=FLG2 PE=1 SV=1,6,4,21,4,247.9,FLG2,1199009.23,799506.04,617108.48,673892.51,518923.46
High,Master Protein,P62861,Ubiquitin-like FUBI-ribosomal protein eS30 fusion protein OS=Homo sapiens OX=9606 GN=FAU PE=1 SV=2,9,3,21,3,14.4,FAU,6170636.75,4295124.52,3848757.24,4109319.02,7135286.36
High,Master Protein,Q9UHX1,Poly(U)-binding-splicing factor PUF60 OS=Homo sapiens OX=9606 GN=PUF60 PE=1 SV=1,18,8,21,8,59.8,PUF60,1105159.41,691870.39,890547.15,478117.01,11389.19
High,Master Protein,Q9H2P0,Activity-dependent neuroprotector homeobox protein OS=Homo sapiens OX=9606 GN=ADNP PE=1 SV=1,10,8,20,8,123.5,ADNP,907290.07,642688.09,672201.06,561766.5,29246.51
High,Master Protein,Q9GZV5,WW domain-containing transcription regulator protein 1 OS=Homo sapiens OX=9606 GN=WWTR1 PE=1 SV=1,40,12,20,12,44.1,WWTR1,64353.97,12466.56,14398374.3,168108.51,101008.1
High,Master Protein,Q15561,Transcriptional enhancer factor TEF-3 OS=Homo sapiens OX=9606 GN=TEAD4 PE=1 SV=3,23,9,19,3,48.3,TEAD4,2961823.61,,16675.88,,
High,Master Protein,P62899,Large ribosomal subunit protein eL31 OS=Homo sapiens OX=9606 GN=RPL31 PE=1 SV=1,25,3,19,3,14.5,RPL31,1831772.23,716322.04,707823.39,853540.96,1180794
High,Master Protein,Q15459,Splicing factor 3A subunit 1 OS=Homo sapiens OX=9606 GN=SF3A1 PE=1 SV=1,9,8,19,8,88.8,SF3A1,2397055.84,688202.42,1746180.7,726276.1,
High,Master Protein,Q13838,Spliceosome RNA helicase DDX39B OS=Homo sapiens OX=9606 GN=DDX39B PE=1 SV=1,20,8,19,2,49,DDX39B,1256357.24,266556.06,803108.47,815770.02,21680.58
High,Master Protein,Q9Y3Y2,Chromatin target of PRMT1 protein OS=Homo sapiens OX=9606 GN=CHTOP PE=1 SV=2,21,5,19,5,26.4,CHTOP,1955297.82,1118213.61,562143.35,1001806.14,147731.21
High,Master Protein,Q13435,Splicing factor 3B subunit 2 OS=Homo sapiens OX=9606 GN=SF3B2 PE=1 SV=2,12,10,19,10,100.2,SF3B2,2497403.68,1032647.3,1781844.21,1130770.34,609971.63
High,Master Protein,Q08188,Protein-glutamine gamma-glutamyltransferase E OS=Homo sapiens OX=9606 GN=TGM3 PE=1 SV=4,9,6,18,6,76.6,TGM3,820956.59,360033.13,360750.72,401635.08,223383.02
High,Master Protein,P31947,14-3-3 protein sigma OS=Homo sapiens OX=9606 GN=SFN PE=1 SV=1,23,7,18,5,27.8,SFN,1084802.09,157996.73,590037.58,3511586.85,214209.33
High,Master Protein,Q5T3J3,Ligand-dependent nuclear receptor-interacting factor 1 OS=Homo sapiens OX=9606 GN=LRIF1 PE=1 SV=1,13,7,18,7,84.5,LRIF1,495232.1,881706.71,388465.13,466196.86,
High,Master Protein,P51659,Peroxisomal multifunctional enzyme type 2 OS=Homo sapiens OX=9606 GN=HSD17B4 PE=1 SV=3,14,8,18,8,79.6,HSD17B4,989621.22,404416.9,567028.31,329299.95,107028.05
High,Master Protein,Q2TAY7,WD40 repeat-containing protein SMU1 OS=Homo sapiens OX=9606 GN=SMU1 PE=1 SV=2,22,9,18,9,57.5,SMU1,1390500.27,402492.62,816688,201160.76,
High,Master Protein,Q15233,Non-POU domain-containing octamer-binding protein OS=Homo sapiens OX=9606 GN=NONO PE=1 SV=4,22,10,18,9,54.2,NONO,2677198.06,422535.43,1050371.74,872227.98,73871.46
High,Master Protein,P63104,14-3-3 protein zeta/delta OS=Homo sapiens OX=9606 GN=YWHAZ PE=1 SV=1,16,5,17,3,27.7,YWHAZ,115632.83,8790.35,67656.1,210624.48,25521.94
High,Master Protein,P11388,DNA topoisomerase 2-alpha OS=Homo sapiens OX=9606 GN=TOP2A PE=1 SV=3,6,9,17,6,174.3,TOP2A,1167052.63,246868.26,705861.2,171236.22,
High,Master Protein,Q96QT6,PHD finger protein 12 OS=Homo sapiens OX=9606 GN=PHF12 PE=1 SV=2,13,9,17,9,109.6,PHF12,998672.02,346218.61,1179273.2,183161.35,
High,Master Protein,O43390,Heterogeneous nuclear ribonucleoprotein R OS=Homo sapiens OX=9606 GN=HNRNPR PE=1 SV=1,6,4,17,2,70.9,HNRNPR,791461.7,201874.65,558215.2,401194.8,
High,Master Protein,P62979,Ubiquitin-ribosomal protein eS31 fusion protein OS=Homo sapiens OX=9606 GN=RPS27A PE=1 SV=2,30,4,17,4,18,RPS27A,2744003.32,1163637.16,1452516.47,3210189.86,562831.36
High,Master Protein,O00148,ATP-dependent RNA helicase DDX39A OS=Homo sapiens OX=9606 GN=DDX39A PE=1 SV=2,17,7,17,1,49.1,DDX39A,64601.21,13226.93,55147.69,39301.25,
High,Master Protein,O60506,Heterogeneous nuclear ribonucleoprotein Q OS=Homo sapiens OX=9606 GN=SYNCRIP PE=1 SV=2,5,3,17,1,69.6,SYNCRIP,115952.13,29286.25,71952.22,59493.29,
High,Master Protein,P07355,Annexin A2 OS=Homo sapiens OX=9606 GN=ANXA2 PE=1 SV=2,29,9,17,9,38.6,ANXA2,1197721.54,424498.65,532572.33,703040.57,300094.38
High,Master Protein,P46778,Large ribosomal subunit protein eL21 OS=Homo sapiens OX=9606 GN=RPL21 PE=1 SV=2,21,3,17,3,18.6,RPL21,858244.34,1234867.18,293002.21,881143.3,259419.25
High,Master Protein,Q15562,Transcriptional enhancer factor TEF-4 OS=Homo sapiens OX=9606 GN=TEAD2 PE=1 SV=2,21,10,17,4,49.2,TEAD2,3419727.09,55719.31,15713.46,,
High,Master Protein,P09874,Poly [ADP-ribose] polymerase 1 OS=Homo sapiens OX=9606 GN=PARP1 PE=1 SV=4,10,8,16,8,113,PARP1,545285.44,242496.79,300028.89,287404.58,7058.99
High,Master Protein,Q9Y265,RuvB-like 1 OS=Homo sapiens OX=9606 GN=RUVBL1 PE=1 SV=1,18,6,16,6,50.2,RUVBL1,442358.23,208215.22,453210.47,204864.57,
High,Master Protein,P68431,Histone H3.1 OS=Homo sapiens OX=9606 GN=H3C1 PE=1 SV=2,17,3,16,3,15.4,H3C1; H3C10; H3C11; H3C12; H3C2; H3C3; H3C4; H3C6; H3C7; H3C8,11738080.25,2106390.13,4429845,6496099.02,474024.56
High,Master Protein,P62851,Small ribosomal subunit protein eS25 OS=Homo sapiens OX=9606 GN=RPS25 PE=1 SV=1,21,3,16,3,13.7,RPS25,623151.45,653512.72,331574.11,773290.23,1074578.72
High,Master Protein,Q06830,Peroxiredoxin-1 OS=Homo sapiens OX=9606 GN=PRDX1 PE=1 SV=1,44,6,16,5,22.1,PRDX1,2318127.3,757421.87,822213.48,728546.59,284581.48
High,Master Protein,P01834,Immunoglobulin kappa constant OS=Homo sapiens OX=9606 GN=IGKC PE=1 SV=2,61,4,15,4,11.8,IGKC,844895.07,630419,368190.18,670912.65,414304.83
High,Master Protein,P36578,Large ribosomal subunit protein uL4 OS=Homo sapiens OX=9606 GN=RPL4 PE=1 SV=5,9,4,15,4,47.7,RPL4,1009535.04,391392.78,730160.73,308166.98,105848.27
High,Master Protein,Q9UJQ4,Sal-like protein 4 OS=Homo sapiens OX=9606 GN=SALL4 PE=1 SV=1,15,9,15,9,112.2,SALL4,956531.11,80932.34,657645.21,180179.45,69873.13
High,Master Protein,P32969,Large ribosomal subunit protein uL6 OS=Homo sapiens OX=9606 GN=RPL9 PE=1 SV=1,27,4,15,4,21.9,RPL9; RPL9P7; RPL9P8; RPL9P9,865043.75,1644559.87,554989.73,1595281.47,71681.25
High,Master Protein,P23396,Small ribosomal subunit protein uS3 OS=Homo sapiens OX=9606 GN=RPS3 PE=1 SV=2,35,7,15,7,26.7,RPS3,635019.13,447243.83,314687.07,928688.69,107402.35
High,Master Protein,Q92945,Far upstream element-binding protein 2 OS=Homo sapiens OX=9606 GN=KHSRP PE=1 SV=4,9,5,15,5,73.1,KHSRP,459122.25,267227.15,381150.32,373562.13,
High,Master Protein,P51649,"Succinate-semialdehyde dehydrogenase, mitochondrial OS=Homo sapiens OX=9606 GN=ALDH5A1 PE=1 SV=2",19,8,15,8,57.2,ALDH5A1,56214.73,97570.16,2592445.86,4208733.39,2210268.17
High,Master Protein,B7ZW38,Heterogeneous nuclear ribonucleoprotein C-like 3 OS=Homo sapiens OX=9606 GN=HNRNPCL3 PE=2 SV=1,19,5,15,1,32,HNRNPCL3,39280.07,130263.88,,,
High,Master Protein,O14497,AT-rich interactive domain-containing protein 1A OS=Homo sapiens OX=9606 GN=ARID1A PE=1 SV=3,4,7,15,7,241.9,ARID1A,1081083.81,73338.87,698337.37,130112.32,49270.31
High,Master Protein,P61254,Large ribosomal subunit protein uL24 OS=Homo sapiens OX=9606 GN=RPL26 PE=1 SV=1,24,5,15,5,17.2,RPL26,2720793.91,791619.26,787552.5,772336.41,441555.82
High,Master Protein,Q15517,Corneodesmosin OS=Homo sapiens OX=9606 GN=CDSN PE=1 SV=3,7,3,15,3,51.5,,491757.16,254703.64,185866.97,175744.84,140982.53
High,Master Protein,P07339,Cathepsin D OS=Homo sapiens OX=9606 GN=CTSD PE=1 SV=1,14,6,15,6,44.5,CTSD,973952.78,478471.93,561547.43,731224.12,328985.6
High,Master Protein,Q16576,Histone-binding protein RBBP7 OS=Homo sapiens OX=9606 GN=RBBP7 PE=1 SV=1,13,5,14,2,47.8,RBBP7,805749.72,301879.25,1033825.18,397588.11,10587.36
High,Master Protein,O60264,SWI/SNF-related matrix-associated actin-dependent regulator of chromatin subfamily A member 5 OS=Homo sapiens OX=9606 GN=SMARCA5 PE=1 SV=1,5,6,14,6,121.8,SMARCA5,784517.66,167505.55,516555.5,264508.91,18603.15
High,Master Protein,Q02880,DNA topoisomerase 2-beta OS=Homo sapiens OX=9606 GN=TOP2B PE=1 SV=3,4,7,14,4,183.2,TOP2B,258533.8,65216.53,159687.8,21681.84,
High,Master Protein,P29508,Serpin B3 OS=Homo sapiens OX=9606 GN=SERPINB3 PE=1 SV=2,12,5,14,5,44.5,SERPINB3,1234463.19,647255.55,615984.82,1185427.02,353811.96
High,Master Protein,P0DI83,"Ras-related protein Rab-34, isoform NARR OS=Homo sapiens OX=9606 GN=RAB34 PE=1 SV=1",29,5,14,5,21.1,RAB34,3204895.88,185468.33,1897528,168999.96,
High,Master Protein,Q14031,Collagen alpha-6(IV) chain OS=Homo sapiens OX=9606 GN=COL4A6 PE=1 SV=3,5,7,14,7,163.7,COL4A6,696170.9,1056577.78,337468.19,807129.08,209716.66
High,Master Protein,P62829,Large ribosomal subunit protein uL14 OS=Homo sapiens OX=9606 GN=RPL23 PE=1 SV=1,31,3,14,3,14.9,RPL23,432004.39,346374.3,243849.66,358173.88,185696.94
High,Master Protein,P08238,Heat shock protein HSP 90-beta OS=Homo sapiens OX=9606 GN=HSP90AB1 PE=1 SV=4,10,5,14,2,83.2,HSP90AB1,703261.59,277360.19,194332.19,128309.95,66682.07
High,Master Protein,Q15365,Poly(rC)-binding protein 1 OS=Homo sapiens OX=9606 GN=PCBP1 PE=1 SV=2,20,6,14,4,37.5,PCBP1,461567.02,115418.35,448503.59,385599.54,
High,Master Protein,P20930,Filaggrin OS=Homo sapiens OX=9606 GN=FLG PE=1 SV=3,2,3,14,3,434.9,FLG,335312.86,248427.67,188546.86,377485.86,81954.86
High,Master Protein,Q14684,Ribosomal RNA processing protein 1 homolog B OS=Homo sapiens OX=9606 GN=RRP1B PE=1 SV=3,10,6,14,6,84.4,RRP1B,2611060.42,332770.29,1730724.63,197161.66,
High,Master Protein,O14979,Heterogeneous nuclear ribonucleoprotein D-like OS=Homo sapiens OX=9606 GN=HNRNPDL PE=1 SV=3,16,6,14,5,46.4,HNRNPDL,1252854.87,878265.89,495647.41,1000400.93,27234.18
High,Master Protein,P62750,Large ribosomal subunit protein uL23 OS=Homo sapiens OX=9606 GN=RPL23A PE=1 SV=1,37,5,14,5,17.7,RPL23A,1728540.48,555186.48,602217.01,507819.55,611296.57
High,Master Protein,Q14980,Nuclear mitotic apparatus protein 1 OS=Homo sapiens OX=9606 GN=NUMA1 PE=1 SV=2,3,4,14,4,238.1,NUMA1,82954.84,834626.91,47500.23,663430.72,220505.8
High,Master Protein,Q08211,ATP-dependent RNA helicase A OS=Homo sapiens OX=9606 GN=DHX9 PE=1 SV=4,9,10,14,10,140.9,DHX9,1409212.48,159284.09,670009.18,471045.42,73411.2
High,Master Protein,Q9UNZ5,Leydig cell tumor 10 kDa protein homolog OS=Homo sapiens OX=9606 GN=C19orf53 PE=1 SV=1,16,2,14,2,10.6,C19orf53,6633482.66,3711987.76,4812545.16,5235861.49,633612.71
High,Master Protein,Q9ULM3,YEATS domain-containing protein 2 OS=Homo sapiens OX=9606 GN=YEATS2 PE=1 SV=2,5,5,13,5,150.7,YEATS2,101751.55,435069.11,93437.69,350684.42,
High,Master Protein,Q9BTC0,Death-inducer obliterator 1 OS=Homo sapiens OX=9606 GN=DIDO1 PE=1 SV=5,4,7,13,7,243.7,DIDO1,90388.46,882201.11,63110.52,734408.82,7422.19
High,Master Protein,Q6P1L8,Large ribosomal subunit protein uL14m OS=Homo sapiens OX=9606 GN=MRPL14 PE=1 SV=1,38,4,13,4,15.9,MRPL14,1251875.06,614447.36,940224.09,593730.91,146477.4
High,Master Protein,P83881,Large ribosomal subunit protein eL42 OS=Homo sapiens OX=9606 GN=RPL36A PE=1 SV=2,25,4,13,2,12.4,RPL36A,1057565.88,612804.72,482498.14,781203.8,292420.96
High,Master Protein,Q09028,Histone-binding protein RBBP4 OS=Homo sapiens OX=9606 GN=RBBP4 PE=1 SV=3,10,4,13,1,47.6,RBBP4,258831.5,29043.94,174094.5,63111.87,
High,Master Protein,O75182,Paired amphipathic helix protein Sin3b OS=Homo sapiens OX=9606 GN=SIN3B PE=1 SV=2,6,7,13,7,133,SIN3B,751760.94,285381.63,737055.81,260307.77,
High,Master Protein,P32119,Peroxiredoxin-2 OS=Homo sapiens OX=9606 GN=PRDX2 PE=1 SV=5,18,4,13,3,21.9,PRDX2,572733.65,211935.11,489819.16,239699.46,143975.64
High,Master Protein,P62258,14-3-3 protein epsilon OS=Homo sapiens OX=9606 GN=YWHAE PE=1 SV=1,11,3,13,1,29.2,YWHAE,48115.59,,48319.52,,
High,Master Protein,Q8IY63,Angiomotin-like protein 1 OS=Homo sapiens OX=9606 GN=AMOTL1 PE=1 SV=1,12,10,13,10,106.5,AMOTL1,2674666.89,31900.13,597273.4,18782.54,
High,Master Protein,Q99459,Cell division cycle 5-like protein OS=Homo sapiens OX=9606 GN=CDC5L PE=1 SV=2,10,6,12,6,92.2,CDC5L,818092.74,297088.65,658513.42,295210.27,
High,Master Protein,Q9BQ48,Large ribosomal subunit protein bL34m OS=Homo sapiens OX=9606 GN=MRPL34 PE=1 SV=1,24,2,12,2,10.2,MRPL34,1331285.72,744764.02,966537.67,730005,190152.93
High,Master Protein,Q13151,Heterogeneous nuclear ribonucleoprotein A0 OS=Homo sapiens OX=9606 GN=HNRNPA0 PE=1 SV=1,19,4,12,3,30.8,HNRNPA0,271641.38,68608.95,126147.84,35471.66,
High,Master Protein,Q16629,Serine/arginine-rich splicing factor 7 OS=Homo sapiens OX=9606 GN=SRSF7 PE=1 SV=1,17,5,12,5,27.4,SRSF7,1418546.28,270572.18,823052.04,412678.1,16841.29
High,Master Protein,Q12874,Splicing factor 3A subunit 3 OS=Homo sapiens OX=9606 GN=SF3A3 PE=1 SV=1,7,4,12,4,58.8,SF3A3,543112.34,176468.16,396332.97,191103.58,
High,Master Protein,Q12905,Interleukin enhancer-binding factor 2 OS=Homo sapiens OX=9606 GN=ILF2 PE=1 SV=2,27,7,12,7,43,ILF2,769889.93,184811.36,548054.77,333046.21,
High,Master Protein,P01040,Cystatin-A OS=Homo sapiens OX=9606 GN=CSTA PE=1 SV=1,38,3,12,3,11,CSTA,1013112.91,379042.41,810338.91,353462.16,324288.17
High,Master Protein,Q9BQG0,Myb-binding protein 1A OS=Homo sapiens OX=9606 GN=MYBBP1A PE=1 SV=2,2,3,12,3,148.8,MYBBP1A,3557321.31,132581.77,2394626.41,122876.91,8627.48
High,Master Protein,P14618,Pyruvate kinase PKM OS=Homo sapiens OX=9606 GN=PKM PE=1 SV=4,10,4,12,4,57.9,PKM,3664352.29,775432.43,472151.71,371489.66,264846.17
High,Master Protein,Q08554,Desmocollin-1 OS=Homo sapiens OX=9606 GN=DSC1 PE=1 SV=2,6,4,12,4,99.9,DSC1,744099.61,313592.48,296387.47,303269.03,210962.5
High,Master Protein,P62995,Transformer-2 protein homolog beta OS=Homo sapiens OX=9606 GN=TRA2B PE=1 SV=1,15,4,12,4,33.6,TRA2B,917493.34,234474.73,556192.76,251435.02,76024.85
High,Master Protein,P49207,Large ribosomal subunit protein eL34 OS=Homo sapiens OX=9606 GN=RPL34 PE=1 SV=3,21,3,11,3,13.3,RPL34,1139497.56,728931.04,164818.66,1041344.59,102571.4
High,Master Protein,Q15366,Poly(rC)-binding protein 2 OS=Homo sapiens OX=9606 GN=PCBP2 PE=1 SV=1,13,4,11,2,38.6,PCBP2,171387.18,61444.5,164027.92,137385.39,
High,Master Protein,P46779,Large ribosomal subunit protein eL28 OS=Homo sapiens OX=9606 GN=RPL28 PE=1 SV=3,27,4,11,4,15.7,RPL28,639599.36,2364242.23,267808.35,2658393.64,778475.34
High,Master Protein,Q13835,Plakophilin-1 OS=Homo sapiens OX=9606 GN=PKP1 PE=1 SV=2,12,8,11,8,82.8,PKP1,540950.73,356086.15,227647.9,1196299.7,111280.36
High,Master Protein,P48681,Nestin OS=Homo sapiens OX=9606 GN=NES PE=1 SV=2,6,8,11,8,177.3,NES,32405.97,496565.1,,204029.41,18362.53
High,Master Protein,P61353,Large ribosomal subunit protein eL27 OS=Homo sapiens OX=9606 GN=RPL27 PE=1 SV=2,28,3,11,3,15.8,RPL27,549453.33,279274.31,262380.12,250965.2,252365.09
High,Master Protein,P42357,Histidine ammonia-lyase OS=Homo sapiens OX=9606 GN=HAL PE=1 SV=1,5,3,11,3,72.7,HAL,270306.54,215497.47,133035.05,216798.31,148825.95
High,Master Protein,Q96EK4,THAP domain-containing protein 11 OS=Homo sapiens OX=9606 GN=THAP11 PE=1 SV=2,5,2,11,2,34.4,THAP11,940523.84,393861.29,464447.7,304334.91,
High,Master Protein,P51991,Heterogeneous nuclear ribonucleoprotein A3 OS=Homo sapiens OX=9606 GN=HNRNPA3 PE=1 SV=2,14,5,10,4,39.6,HNRNPA3,590236.48,129862.21,317789.68,225918.17,7490.41
High,Master Protein,Q9Y230,RuvB-like 2 OS=Homo sapiens OX=9606 GN=RUVBL2 PE=1 SV=3,8,4,10,4,51.1,RUVBL2,141941.74,64839.79,138445.95,90647.41,
High,Master Protein,O00571,ATP-dependent RNA helicase DDX3X OS=Homo sapiens OX=9606 GN=DDX3X PE=1 SV=3,7,4,10,3,73.2,DDX3X,156284.87,57209.09,85093.1,97795.37,
High,Master Protein,P07900,Heat shock protein HSP 90-alpha OS=Homo sapiens OX=9606 GN=HSP90AA1 PE=1 SV=5,10,5,10,2,84.6,HSP90AA1,703570.8,278841.56,149752.68,218568.4,94199.95
High,Master Protein,P42766,Large ribosomal subunit protein uL29 OS=Homo sapiens OX=9606 GN=RPL35 PE=1 SV=2,21,3,10,3,14.5,RPL35,2176310,647651.21,490395.99,975571.83,558361.59
High,Master Protein,P60866,Small ribosomal subunit protein uS10 OS=Homo sapiens OX=9606 GN=RPS20 PE=1 SV=1,16,2,10,2,13.4,RPS20,273110.8,533377.43,210633.22,679828.73,414243.2
High,Master Protein,P31943,Heterogeneous nuclear ribonucleoprotein H OS=Homo sapiens OX=9606 GN=HNRNPH1 PE=1 SV=4,10,3,10,1,49.2,HNRNPH1,1148006.97,196853.17,800538.74,520242.13,38486.29
High,Master Protein,Q13573,SNW domain-containing protein 1 OS=Homo sapiens OX=9606 GN=SNW1 PE=1 SV=1,9,4,10,4,61.5,SNW1,600823.35,181393.48,364614.55,129967.29,
High,Master Protein,P14678,Small nuclear ribonucleoprotein-associated proteins B and B' OS=Homo sapiens OX=9606 GN=SNRPB PE=1 SV=2,13,4,10,4,24.6,SNRPB,1236874.82,465070.84,809444.85,738901.74,56864.64
High,Master Protein,Q6UWP8,Suprabasin OS=Homo sapiens OX=9606 GN=SBSN PE=1 SV=2,18,3,10,3,60.5,SBSN,290114.29,85391.03,105149.66,107166.49,61328.77
High,Master Protein,O96019,Actin-like protein 6A OS=Homo sapiens OX=9606 GN=ACTL6A PE=1 SV=1,20,5,10,5,47.4,ACTL6A,455245.57,37929.58,442895.41,,
High,Master Protein,P51531,Probable global transcription activator SNF2L2 OS=Homo sapiens OX=9606 GN=SMARCA2 PE=1 SV=2,4,6,10,1,181.2,SMARCA2,71640.09,,52138.92,,
High,Master Protein,P29590,Protein PML OS=Homo sapiens OX=9606 GN=PML PE=1 SV=3,6,5,10,5,97.5,PML,370867.38,198979.63,278470.77,158541.97,
High,Master Protein,Q92769,Histone deacetylase 2 OS=Homo sapiens OX=9606 GN=HDAC2 PE=1 SV=2,10,4,10,3,55.3,HDAC2,452261.01,148970.61,431164.52,237810.78,
High,Master Protein,Q5SZK8,FRAS1-related extracellular matrix protein 2 OS=Homo sapiens OX=9606 GN=FREM2 PE=1 SV=3,4,8,9,8,350.9,FREM2,138634.59,435217.6,40471.06,253168.29,170581.21
High,Master Protein,P02671,Fibrinogen alpha chain OS=Homo sapiens OX=9606 GN=FGA PE=1 SV=2,8,6,9,6,94.9,FGA,,,,844417.76,
High,Master Protein,P12273,Prolactin-inducible protein OS=Homo sapiens OX=9606 GN=PIP PE=1 SV=1,29,3,9,3,16.6,PIP,558759.31,158878.16,114491.34,95482.3,162616.48
High,Master Protein,O75970,Multiple PDZ domain protein OS=Homo sapiens OX=9606 GN=MPDZ PE=1 SV=2,5,9,9,9,221.5,MPDZ,95203.32,,472487.13,,4476.64
High,Master Protein,P06576,"ATP synthase subunit beta, mitochondrial OS=Homo sapiens OX=9606 GN=ATP5F1B PE=1 SV=3",17,7,9,7,56.5,ATP5F1B,413843.91,80484.7,81776.61,428595.6,124308.34
High,Master Protein,P62854,Small ribosomal subunit protein eS26 OS=Homo sapiens OX=9606 GN=RPS26 PE=1 SV=3,21,2,9,2,13,RPS26,662930.77,518420,189623.67,596420.24,700814.05
High,Master Protein,P13639,Elongation factor 2 OS=Homo sapiens OX=9606 GN=EEF2 PE=1 SV=4,7,5,9,4,95.3,EEF2,74532.54,69518.27,378613.37,288184.47,241105.37
High,Master Protein,Q13330,Metastasis-associated protein MTA1 OS=Homo sapiens OX=9606 GN=MTA1 PE=1 SV=2,7,4,9,4,80.7,MTA1,363182.35,30929.96,296056.52,105341.63,13039.74
High,Master Protein,Q15717,ELAV-like protein 1 OS=Homo sapiens OX=9606 GN=ELAVL1 PE=1 SV=2,14,4,9,4,36.1,ELAVL1,708207.08,144449.92,330685.19,283921.77,
High,Master Protein,P46776,Large ribosomal subunit protein uL15 OS=Homo sapiens OX=9606 GN=RPL27A PE=1 SV=2,13,2,9,2,16.6,RPL27A,270884.68,115256.02,136686.06,181036.58,48400.24
High,Master Protein,P04075,Fructose-bisphosphate aldolase A OS=Homo sapiens OX=9606 GN=ALDOA PE=1 SV=2,18,5,8,5,39.4,ALDOA,360072.8,115966.2,50531.48,403031.82,59182.68
High,Master Protein,Q99729,Heterogeneous nuclear ribonucleoprotein A/B OS=Homo sapiens OX=9606 GN=HNRNPAB PE=1 SV=2,7,2,8,1,36.2,HNRNPAB,65140.5,,22040.92,,
High,Master Protein,P39023,Large ribosomal subunit protein uL3 OS=Homo sapiens OX=9606 GN=RPL3 PE=1 SV=2,5,3,8,3,46.1,RPL3,558090.64,167445.02,315835.17,443353.24,69570.13
High,Master Protein,P22735,Protein-glutamine gamma-glutamyltransferase K OS=Homo sapiens OX=9606 GN=TGM1 PE=1 SV=4,6,4,8,4,89.7,TGM1,264418.8,119778.94,119068.42,147036.02,89696.13
High,Master Protein,P12236,ADP/ATP translocase 3 OS=Homo sapiens OX=9606 GN=SLC25A6 PE=1 SV=4,10,3,8,1,32.8,SLC25A6,27200.25,27389.13,23319.52,44428.25,
High,Master Protein,P04792,Heat shock protein beta-1 OS=Homo sapiens OX=9606 GN=HSPB1 PE=1 SV=2,18,3,8,3,22.8,HSPB1,176792.84,103632.12,162125.3,526674.88,133456.56
High,Master Protein,E9PRG8,Uncharacterized protein C11orf98 OS=Homo sapiens OX=9606 GN=C11orf98 PE=4 SV=2,17,2,8,2,14.2,C11orf98,495382.97,277454.4,213563.85,428112.61,239179.94
High,Master Protein,Q969G3,SWI/SNF-related matrix-associated actin-dependent regulator of chromatin subfamily E member 1 OS=Homo sapiens OX=9606 GN=SMARCE1 PE=1 SV=2,15,5,8,5,46.6,SMARCE1,639228.53,8752.9,475239.62,77946.22,
High,Master Protein,P29400,Collagen alpha-5(IV) chain OS=Homo sapiens OX=9606 GN=COL4A5 PE=1 SV=2,1,2,8,2,160.9,COL4A5,352733.7,631452.19,178091.95,548185.94,94483.94
High,Master Protein,P05141,ADP/ATP translocase 2 OS=Homo sapiens OX=9606 GN=SLC25A5 PE=1 SV=7,10,3,8,1,32.8,SLC25A5,427707.16,330555.28,254996.48,616167.7,126605.7
High,Master Protein,Q9Y2W1,Thyroid hormone receptor-associated protein 3 OS=Homo sapiens OX=9606 GN=THRAP3 PE=1 SV=2,4,3,8,3,108.6,THRAP3,488050.42,127354.71,364918.53,110203.75,
High,Master Protein,Q13823,Nucleolar GTP-binding protein 2 OS=Homo sapiens OX=9606 GN=GNL2 PE=1 SV=1,5,3,8,3,83.6,GNL2,378552.45,637701.44,261459.33,404015.59,25006.1
High,Master Protein,Q9NYF8,Bcl-2-associated transcription factor 1 OS=Homo sapiens OX=9606 GN=BCLAF1 PE=1 SV=2,5,4,8,4,106.1,BCLAF1,714705.18,148962.12,596944.96,254495.05,
High,Master Protein,P83731,Large ribosomal subunit protein eL24 OS=Homo sapiens OX=9606 GN=RPL24 PE=1 SV=1,13,2,8,2,17.8,RPL24,575577.87,1014568.84,342658.19,909331.38,962362.33
High,Master Protein,O43707,Alpha-actinin-4 OS=Homo sapiens OX=9606 GN=ACTN4 PE=1 SV=2,2,2,8,2,104.8,ACTN4,650521.16,168817.6,128557.51,68681.03,50990.74
High,Master Protein,O43143,ATP-dependent RNA helicase DHX15 OS=Homo sapiens OX=9606 GN=DHX15 PE=1 SV=2,7,5,8,5,90.9,DHX15,559781.52,170476.1,356850.4,177264.49,13119.33
High,Master Protein,P10809,"60 kDa heat shock protein, mitochondrial OS=Homo sapiens OX=9606 GN=HSPD1 PE=1 SV=2",12,6,8,6,61,HSPD1,194960.17,47611.59,170573.27,267063.13,693209.73
High,Master Protein,Q5T750,Protein KPLCE OS=Homo sapiens OX=9606 GN=KPLCE PE=1 SV=1,12,3,8,3,26.2,KPLCE,763085.66,404831.9,431952.15,627365.69,437946.29
High,Master Protein,Q15428,Splicing factor 3A subunit 2 OS=Homo sapiens OX=9606 GN=SF3A2 PE=1 SV=2,6,2,8,2,49.2,SF3A2,251747.8,81571.99,203583.38,85790.26,
High,Master Protein,P30050,Large ribosomal subunit protein uL11 OS=Homo sapiens OX=9606 GN=RPL12 PE=1 SV=1,28,3,7,3,17.8,RPL12,227839.41,99888.79,86485.72,147665.83,112170.29
High,Master Protein,P62318,Small nuclear ribonucleoprotein Sm D3 OS=Homo sapiens OX=9606 GN=SNRPD3 PE=1 SV=1,32,3,7,3,13.9,SNRPD3,912456.39,146458.97,179726.16,197697.73,18709.67
High,Master Protein,Q12824,SWI/SNF-related matrix-associated actin-dependent regulator of chromatin subfamily B member 1 OS=Homo sapiens OX=9606 GN=SMARCB1 PE=1 SV=2,10,3,7,3,44.1,SMARCB1,376283.33,24982.15,270906.8,26412.06,
High,Master Protein,P21333,Filamin-A OS=Homo sapiens OX=9606 GN=FLNA PE=1 SV=4,2,5,7,5,280.6,FLNA,492545.63,97239.32,165300.92,62290.63,34160.27
High,Master Protein,P18077,Large ribosomal subunit protein eL33 OS=Homo sapiens OX=9606 GN=RPL35A PE=1 SV=2,24,3,7,3,12.5,RPL35A,927804.8,297404.42,341642.6,426985.66,48924
High,Master Protein,Q86XJ1,GAS2-like protein 3 OS=Homo sapiens OX=9606 GN=GAS2L3 PE=1 SV=1,6,3,7,3,75.2,GAS2L3,360843.67,126932.91,237686.83,112605.12,
High,Master Protein,O15047,Histone-lysine N-methyltransferase SETD1A OS=Homo sapiens OX=9606 GN=SETD1A PE=1 SV=3,2,2,7,2,185.9,SETD1A,73478.59,41734.66,57783.32,23996.85,
High,Master Protein,Q68D10,Protein SPT2 homolog OS=Homo sapiens OX=9606 GN=SPTY2D1 PE=1 SV=3,4,3,7,3,75.6,SPTY2D1,247107.3,289087.37,254049.27,224394.29,10830.19
High,Master Protein,Q07666,"KH domain-containing, RNA-binding, signal transduction-associated protein 1 OS=Homo sapiens OX=9606 GN=KHDRBS1 PE=1 SV=1",5,2,7,2,48.2,KHDRBS1,888309.78,140314.33,531675.09,154167.5,
High,Master Protein,Q9NZT1,Calmodulin-like protein 5 OS=Homo sapiens OX=9606 GN=CALML5 PE=1 SV=2,29,3,7,3,15.9,CALML5,,19443.39,33595.05,76153.27,13278.07
High,Master Protein,P25705,"ATP synthase subunit alpha, mitochondrial OS=Homo sapiens OX=9606 GN=ATP5F1A PE=1 SV=1",10,5,7,5,59.7,ATP5F1A,872928.82,409407.47,349684.63,491800.68,349569.66
High,Master Protein,Q14498,RNA-binding protein 39 OS=Homo sapiens OX=9606 GN=RBM39 PE=1 SV=2,7,3,7,3,59.3,RBM39,258163.75,72147.44,247722.27,68518,
High,Master Protein,Q02086,Transcription factor Sp2 OS=Homo sapiens OX=9606 GN=SP2 PE=1 SV=3,8,3,7,3,64.9,SP2,287470.75,63841.89,240897.82,39685.32,31190.91
High,Master Protein,P61247,Small ribosomal subunit protein eS1 OS=Homo sapiens OX=9606 GN=RPS3A PE=1 SV=2,12,3,7,3,29.9,RPS3A,216768.36,127237.4,91831.11,213406.43,65662.78
High,Master Protein,Q07955,Serine/arginine-rich splicing factor 1 OS=Homo sapiens OX=9606 GN=SRSF1 PE=1 SV=2,8,2,7,2,27.7,SRSF1,238763.6,57519.22,136629.56,72559.14,
High,Master Protein,Q969Q0,Ribosomal protein eL42-like OS=Homo sapiens OX=9606 GN=RPL36AL PE=1 SV=3,25,3,7,1,12.5,RPL36AL,74784.51,57597.73,37605.14,70678.59,50431.8
High,Master Protein,P06733,Alpha-enolase OS=Homo sapiens OX=9606 GN=ENO1 PE=1 SV=2,18,5,7,5,47.1,ENO1,526978.03,181185.2,142660.34,337060.63,95736.4
High,Master Protein,Q9H307,Pinin OS=Homo sapiens OX=9606 GN=PNN PE=1 SV=5,8,4,7,4,81.6,PNN,334019.95,112330.57,233793.73,52846.44,5327.08
High,Master Protein,P62826,GTP-binding nuclear protein Ran OS=Homo sapiens OX=9606 GN=RAN PE=1 SV=3,15,4,7,4,24.4,RAN,982459.75,265067.07,318582.32,365422.71,117000.68
High,Master Protein,P04040,Catalase OS=Homo sapiens OX=9606 GN=CAT PE=1 SV=3,7,3,7,3,59.7,CAT,252537.15,158254.01,160887.83,55870.02,87960.69
High,Master Protein,P26641,Elongation factor 1-gamma OS=Homo sapiens OX=9606 GN=EEF1G PE=1 SV=3,11,4,6,4,50.1,EEF1G,111981.52,75822.59,27175.76,157595.13,11719.05
High,Master Protein,P20700,Lamin-B1 OS=Homo sapiens OX=9606 GN=LMNB1 PE=1 SV=2,7,4,6,4,66.4,LMNB1,414059.51,36785.21,162766.66,87105.3,
High,Master Protein,A0A8I5KQE6,Small ribosomal subunit protein uS2B OS=Homo sapiens OX=9606 GN=RPSA2 PE=3 SV=1,13,3,6,3,32.9,RPSA2,194190.94,65127.91,108335.95,683684.54,31978.12
High,Master Protein,O15294,UDP-N-acetylglucosamine--peptide N-acetylglucosaminyltransferase 110 kDa subunit OS=Homo sapiens OX=9606 GN=OGT PE=1 SV=3,6,4,6,4,116.9,OGT,141273.33,164400.43,138046.59,188775.78,
High,Master Protein,Q96KM6,Zinc finger protein 512B OS=Homo sapiens OX=9606 GN=ZNF512B PE=1 SV=1,2,2,6,2,97.2,ZNF512B,367665.39,228772.54,315072.23,225758.51,12618.29
High,Master Protein,Q13547,Histone deacetylase 1 OS=Homo sapiens OX=9606 GN=HDAC1 PE=1 SV=1,8,3,6,2,55.1,HDAC1,71486.57,16122.49,55836.7,,
High,Master Protein,Q13263,Transcription intermediary factor 1-beta OS=Homo sapiens OX=9606 GN=TRIM28 PE=1 SV=5,7,5,6,5,88.5,TRIM28,306848.85,169738.95,370194.14,281134.01,95513.95
High,Master Protein,P60842,Eukaryotic initiation factor 4A-I OS=Homo sapiens OX=9606 GN=EIF4A1 PE=1 SV=1,11,3,6,3,46.1,EIF4A1,266311.31,75620.52,144026.34,484572.82,60415.44
High,Master Protein,O14556,"Glyceraldehyde-3-phosphate dehydrogenase, testis-specific OS=Homo sapiens OX=9606 GN=GAPDHS PE=1 SV=2",4,2,6,1,44.5,GAPDHS,,32109.36,,,71535.81
High,Master Protein,P25311,Zinc-alpha-2-glycoprotein OS=Homo sapiens OX=9606 GN=AZGP1 PE=1 SV=2,8,2,6,2,34.2,AZGP1,168777.52,79528.43,90659.47,48812.14,24528.6
High,Master Protein,P35637,RNA-binding protein FUS OS=Homo sapiens OX=9606 GN=FUS PE=1 SV=1,8,3,6,3,53.4,FUS,731428.41,110596.23,205170,177895.15,23568.68
High,Master Protein,P49756,RNA-binding protein 25 OS=Homo sapiens OX=9606 GN=RBM25 PE=1 SV=3,5,3,6,3,100.1,RBM25,206352,63124.77,163064.53,72506.7,
High,Master Protein,P62424,Large ribosomal subunit protein eL8 OS=Homo sapiens OX=9606 GN=RPL7A PE=1 SV=2,11,3,6,3,30,RPL7A,560046.22,654186.63,343693.26,750098.89,272137.63
High,Master Protein,P31942,Heterogeneous nuclear ribonucleoprotein H3 OS=Homo sapiens OX=9606 GN=HNRNPH3 PE=1 SV=2,11,3,6,3,36.9,HNRNPH3,478845.97,,100203.77,50896.73,13237.4
High,Master Protein,P26368,Splicing factor U2AF 65 kDa subunit OS=Homo sapiens OX=9606 GN=U2AF2 PE=1 SV=4,8,3,6,3,53.5,U2AF2,441093.47,67251.53,178157.63,119987.33,22140.21
High,Master Protein,P19338,Nucleolin OS=Homo sapiens OX=9606 GN=NCL PE=1 SV=3,4,3,6,3,76.6,NCL,618903.05,140263.06,336784.16,114486.77,27080.45
High,Master Protein,P47929,Galectin-7 OS=Homo sapiens OX=9606 GN=LGALS7 PE=1 SV=2,51,6,6,6,15.1,LGALS7; LGALS7B,301115.9,104289.33,157484.96,826747.02,103530.77
High,Master Protein,P25490,Transcriptional repressor protein YY1 OS=Homo sapiens OX=9606 GN=YY1 PE=1 SV=2,7,4,6,4,44.7,YY1,364071.62,782528.94,29174.4,263736.36,1789518.47
High,Master Protein,O43660,Pleiotropic regulator 1 OS=Homo sapiens OX=9606 GN=PLRG1 PE=1 SV=1,7,2,6,2,57.2,PLRG1,193514.28,58658.13,105533.5,,
High,Master Protein,Q96QA5,Gasdermin-A OS=Homo sapiens OX=9606 GN=GSDMA PE=1 SV=4,8,3,6,3,49.3,GSDMA,355391.71,131000.58,140963.45,351635.15,110162.84
High,Master Protein,P63244,Small ribosomal subunit protein RACK1 OS=Homo sapiens OX=9606 GN=RACK1 PE=1 SV=3,21,4,6,4,35.1,RACK1,130537.66,17335.32,,,15523.64
High,Master Protein,Q12906,Interleukin enhancer-binding factor 3 OS=Homo sapiens OX=9606 GN=ILF3 PE=1 SV=3,5,4,5,4,95.3,ILF3,380048.75,110178.31,312438.88,179171.62,6725.31
High,Master Protein,P50914,Large ribosomal subunit protein eL14 OS=Homo sapiens OX=9606 GN=RPL14 PE=1 SV=4,16,3,5,3,23.4,RPL14,80015.38,58156.39,50267.08,75467.23,12127.28
High,Master Protein,O75367,Core histone macro-H2A.1 OS=Homo sapiens OX=9606 GN=MACROH2A1 PE=1 SV=5,8,2,5,1,39.2,MACROH2A1,156360.97,48789.48,77975.97,61063.69,
High,Master Protein,P25205,DNA replication licensing factor MCM3 OS=Homo sapiens OX=9606 GN=MCM3 PE=1 SV=3,2,2,5,2,90.9,MCM3,187241.05,19180.99,112012.38,32754.24,
High,Master Protein,Q6ZVX7,F-box only protein 50 OS=Homo sapiens OX=9606 GN=NCCRP1 PE=1 SV=1,8,2,5,2,30.8,NCCRP1,267840.32,97586.75,91750.27,188870.2,64376.89
High,Master Protein,P62753,Small ribosomal subunit protein eS6 OS=Homo sapiens OX=9606 GN=RPS6 PE=1 SV=1,12,2,5,2,28.7,RPS6,,84197.36,32275.5,138745.03,140074.37
High,Master Protein,Q15149,Plectin OS=Homo sapiens OX=9606 GN=PLEC PE=1 SV=3,1,3,5,3,531.5,PLEC,105559.41,50026.09,80540.37,167507.44,40631.87
High,Master Protein,P45880,Voltage-dependent anion-selective channel protein 2 OS=Homo sapiens OX=9606 GN=VDAC2 PE=1 SV=2,7,2,5,2,31.5,VDAC2,221412.39,36398.95,51414.24,137198.65,
High,Master Protein,P14555,"Phospholipase A2, membrane associated OS=Homo sapiens OX=9606 GN=PLA2G2A PE=1 SV=2",23,3,5,3,16.1,PLA2G2A,181458.41,648230.15,88152.94,935318.76,163924
High,Master Protein,P02675,Fibrinogen beta chain OS=Homo sapiens OX=9606 GN=FGB PE=1 SV=2,11,4,5,4,55.9,FGB,,,,407202.74,13781.07
High,Master Protein,P46013,Proliferation marker protein Ki-67 OS=Homo sapiens OX=9606 GN=MKI67 PE=1 SV=2,1,2,5,2,358.5,MKI67,34956.64,,23306.55,,
High,Master Protein,Q8N3R9,Protein PALS1 OS=Homo sapiens OX=9606 GN=PALS1 PE=1 SV=3,7,5,5,5,77.2,PALS1,138259.98,,452512.42,,
High,Master Protein,Q08945,FACT complex subunit SSRP1 OS=Homo sapiens OX=9606 GN=SSRP1 PE=1 SV=1,6,4,5,4,81,SSRP1,260758.55,56169.78,164171.5,,
High,Master Protein,Q8NI35,InaD-like protein OS=Homo sapiens OX=9606 GN=PATJ PE=1 SV=3,5,5,5,5,196.2,PATJ,184381.38,64606.07,214949.62,167277.83,156809.42
High,Master Protein,P62913,Large ribosomal subunit protein uL5 OS=Homo sapiens OX=9606 GN=RPL11 PE=1 SV=2,13,2,5,2,20.2,RPL11,145600.41,48871.8,91032.89,97654.21,
High,Master Protein,Q14151,Scaffold attachment factor B2 OS=Homo sapiens OX=9606 GN=SAFB2 PE=1 SV=1,2,2,5,2,107.4,SAFB2,494254.48,87168.84,284998.76,742094.77,
High,Master Protein,P52597,Heterogeneous nuclear ribonucleoprotein F OS=Homo sapiens OX=9606 GN=HNRNPF PE=1 SV=3,10,3,5,1,45.6,HNRNPF,78290.95,,90707.09,17049.27,
High,Master Protein,P00338,L-lactate dehydrogenase A chain OS=Homo sapiens OX=9606 GN=LDHA PE=1 SV=2,9,3,5,3,36.7,LDHA,513396.54,257310.86,126487.23,541149.66,103124.36
High,Master Protein,Q13867,Bleomycin hydrolase OS=Homo sapiens OX=9606 GN=BLMH PE=1 SV=1,9,3,5,3,52.5,BLMH,393441.54,226659.73,192379.61,277423.16,
High,Master Protein,Q01081,Splicing factor U2AF 35 kDa subunit OS=Homo sapiens OX=9606 GN=U2AF1 PE=1 SV=3,9,2,5,2,27.9,U2AF1,312205.42,79738.52,238590.19,151140.5,
High,Master Protein,Q14839,Chromodomain-helicase-DNA-binding protein 4 OS=Homo sapiens OX=9606 GN=CHD4 PE=1 SV=2,2,3,5,3,217.9,CHD4,257133.04,75129.34,170398.9,117212.04,
High,Master Protein,Q01469,Fatty acid-binding protein 5 OS=Homo sapiens OX=9606 GN=FABP5 PE=1 SV=3,25,3,5,3,15.2,FABP5,611857.45,263823.97,431209.19,741323.31,179997.63
High,Master Protein,Q86SJ6,Desmoglein-4 OS=Homo sapiens OX=9606 GN=DSG4 PE=1 SV=1,4,4,5,4,113.8,DSG4,57948.51,17001.19,,591980.51,
High,Master Protein,P22087,rRNA 2'-O-methyltransferase fibrillarin OS=Homo sapiens OX=9606 GN=FBL PE=1 SV=2,14,3,5,3,33.8,FBL,201181.23,96636.26,73764.98,63775.05,42594.99
High,Master Protein,P28838,Cytosol aminopeptidase OS=Homo sapiens OX=9606 GN=LAP3 PE=1 SV=3,9,4,4,4,56.1,LAP3,,,,264246.6,
High,Master Protein,Q9HCK8,Chromodomain-helicase-DNA-binding protein 8 OS=Homo sapiens OX=9606 GN=CHD8 PE=1 SV=5,2,3,4,3,290.3,CHD8,33872.53,,32191.06,,
High,Master Protein,P19367,Hexokinase-1 OS=Homo sapiens OX=9606 GN=HK1 PE=1 SV=3,2,2,4,2,102.4,HK1,38523.13,16819.37,55533.24,140787.67,12042.97
High,Master Protein,P09012,U1 small nuclear ribonucleoprotein A OS=Homo sapiens OX=9606 GN=SNRPA PE=1 SV=3,6,2,4,2,31.3,SNRPA,326748.75,64399.07,173344.28,69190.66,
High,Master Protein,P39019,Small ribosomal subunit protein eS19 OS=Homo sapiens OX=9606 GN=RPS19 PE=1 SV=2,13,2,4,2,16.1,RPS19,287805.46,86753.79,72270.97,109789.54,238839.48
High,Master Protein,P46783,Small ribosomal subunit protein eS10 OS=Homo sapiens OX=9606 GN=RPS10 PE=1 SV=1,23,3,4,3,18.9,RPS10,132613.7,98885.38,43881.86,154080.89,43111.57
High,Master Protein,Q96GM5,SWI/SNF-related matrix-associated actin-dependent regulator of chromatin subfamily D member 1 OS=Homo sapiens OX=9606 GN=SMARCD1 PE=1 SV=2,4,2,4,2,58.2,SMARCD1,286893.73,,212280.93,40018.64,26565.12
High,Master Protein,Q8TF66,Leucine-rich repeat-containing protein 15 OS=Homo sapiens OX=9606 GN=LRRC15 PE=1 SV=2,6,4,4,4,64.3,LRRC15,,,81655.57,2453018.75,
High,Master Protein,Q99623,Prohibitin-2 OS=Homo sapiens OX=9606 GN=PHB2 PE=1 SV=2,10,2,4,2,33.3,PHB2,100866.66,29938.68,15760.52,,49680.33
High,Master Protein,Q9BUJ2,Heterogeneous nuclear ribonucleoprotein U-like protein 1 OS=Homo sapiens OX=9606 GN=HNRNPUL1 PE=1 SV=2,7,4,4,4,95.7,HNRNPUL1,175565.58,,,,
High,Master Protein,O76021,Ribosomal L1 domain-containing protein 1 OS=Homo sapiens OX=9606 GN=RSL1D1 PE=1 SV=3,4,2,4,2,54.9,RSL1D1,199113.19,59478.52,112828.44,175050.88,
High,Master Protein,Q07020,Large ribosomal subunit protein eL18 OS=Homo sapiens OX=9606 GN=RPL18 PE=1 SV=2,14,2,4,2,21.6,RPL18,92759.52,95114.74,65222.48,77509.51,17329.92
High,Master Protein,Q9NWB6,Arginine and glutamate-rich protein 1 OS=Homo sapiens OX=9606 GN=ARGLU1 PE=1 SV=1,8,3,4,3,33.2,ARGLU1,870272.75,316597.38,386068.94,258069.26,
High,Master Protein,Q13813,"Spectrin alpha chain, non-erythrocytic 1 OS=Homo sapiens OX=9606 GN=SPTAN1 PE=1 SV=3",1,3,4,3,284.4,SPTAN1,149307.49,21831.66,80316.19,60563.18,
High,Master Protein,Q16643,Drebrin OS=Homo sapiens OX=9606 GN=DBN1 PE=1 SV=4,4,2,4,2,71.4,DBN1,247592.25,24219.33,154390.03,44151.33,
High,Master Protein,Q9UBC3,DNA (cytosine-5)-methyltransferase 3B OS=Homo sapiens OX=9606 GN=DNMT3B PE=1 SV=1,2,2,4,2,95.7,DNMT3B,242367.64,29777.43,188963.28,51170.36,
High,Master Protein,P07197,Neurofilament medium polypeptide OS=Homo sapiens OX=9606 GN=NEFM PE=1 SV=3,3,3,4,2,102.4,NEFM,,28434.33,,,
High,Master Protein,Q9UMY1,Nucleolar protein 7 OS=Homo sapiens OX=9606 GN=NOL7 PE=1 SV=2,16,3,4,3,29.4,NOL7,37506.57,96612.45,56921.06,72502.82,
High,Master Protein,P62937,Peptidyl-prolyl cis-trans isomerase A OS=Homo sapiens OX=9606 GN=PPIA PE=1 SV=2,30,3,4,3,18,PPIA,103816.52,32644.34,12914.96,320115.03,
High,Master Protein,P46777,Large ribosomal subunit protein uL18 OS=Homo sapiens OX=9606 GN=RPL5 PE=1 SV=3,7,2,4,2,34.3,RPL5,186427.78,59160.51,87110.78,147911.6,18432.84
High,Master Protein,Q9BQ39,ATP-dependent RNA helicase DDX50 OS=Homo sapiens OX=9606 GN=DDX50 PE=1 SV=1,6,4,4,1,82.5,DDX50,102029.77,26982.76,69124,32292.63,
High,Master Protein,P46781,Small ribosomal subunit protein uS4 OS=Homo sapiens OX=9606 GN=RPS9 PE=1 SV=3,14,3,4,3,22.6,RPS9,145939.79,133570.7,123860.22,349889.28,45229.33
High,Master Protein,P55265,Double-stranded RNA-specific adenosine deaminase OS=Homo sapiens OX=9606 GN=ADAR PE=1 SV=4,3,3,4,3,136,ADAR,92827.44,30213.03,86538.7,25313.89,
High,Master Protein,Q00610,Clathrin heavy chain 1 OS=Homo sapiens OX=9606 GN=CLTC PE=1 SV=5,4,3,4,3,191.5,CLTC,115545.66,27122.05,30827.32,127899.43,10667.35
High,Master Protein,P09661,U2 small nuclear ribonucleoprotein A' OS=Homo sapiens OX=9606 GN=SNRPA1 PE=1 SV=2,10,2,4,2,28.4,SNRPA1,149154.95,53138.71,94378.91,57538.85,
High,Master Protein,P78527,DNA-dependent protein kinase catalytic subunit OS=Homo sapiens OX=9606 GN=PRKDC PE=1 SV=3,1,4,4,4,468.8,PRKDC,160265.79,26362.45,117126.02,13097.41,
High,Master Protein,Q8WVV4,Protein POF1B OS=Homo sapiens OX=9606 GN=POF1B PE=1 SV=3,5,3,4,3,68,POF1B,75455.64,36055.88,41141.09,113660,
High,Master Protein,Q9Y5B9,FACT complex subunit SPT16 OS=Homo sapiens OX=9606 GN=SUPT16H PE=1 SV=1,3,3,4,3,119.8,SUPT16H,157117.63,,100977.86,18022.03,
High,Master Protein,Q86SQ0,Pleckstrin homology-like domain family B member 2 OS=Homo sapiens OX=9606 GN=PHLDB2 PE=1 SV=2,2,2,3,2,142.1,PHLDB2,184648.97,33094.16,,,
High,Master Protein,Q13228,Methanethiol oxidase OS=Homo sapiens OX=9606 GN=SELENBP1 PE=1 SV=2,4,2,3,2,52.4,SELENBP1,,,17438.49,626279.17,
High,Master Protein,Q8IYB3,Serine/arginine repetitive matrix protein 1 OS=Homo sapiens OX=9606 GN=SRRM1 PE=1 SV=2,3,3,3,3,102.3,SRRM1,43854.71,39835.79,,,218803.69
High,Master Protein,Q9P0M6,Core histone macro-H2A.2 OS=Homo sapiens OX=9606 GN=MACROH2A2 PE=1 SV=3,6,2,3,1,40,MACROH2A2,317065.88,101464.63,132400.73,131586.05,55724.91
High,Master Protein,Q13625,Apoptosis-stimulating of p53 protein 2 OS=Homo sapiens OX=9606 GN=TP53BP2 PE=1 SV=2,4,3,3,3,125.5,TP53BP2,34213.87,,83740.23,,
High,Master Protein,P33992,DNA replication licensing factor MCM5 OS=Homo sapiens OX=9606 GN=MCM5 PE=1 SV=5,3,2,3,2,82.2,MCM5,34974.76,,36079.24,,
High,Master Protein,P62136,Serine/threonine-protein phosphatase PP1-alpha catalytic subunit OS=Homo sapiens OX=9606 GN=PPP1CA PE=1 SV=1,10,3,3,3,37.5,PPP1CA,182391.31,,172161.12,22767.36,
High,Master Protein,P40926,"Malate dehydrogenase, mitochondrial OS=Homo sapiens OX=9606 GN=MDH2 PE=1 SV=3",14,3,3,3,35.5,MDH2,95728.41,34817.33,,48669.5,
High,Master Protein,Q9BUQ8,Probable ATP-dependent RNA helicase DDX23 OS=Homo sapiens OX=9606 GN=DDX23 PE=1 SV=3,2,2,3,2,95.5,DDX23,80920.07,42907.06,49337.96,23325.85,
High,Master Protein,Q9UQ35,Serine/arginine repetitive matrix protein 2 OS=Homo sapiens OX=9606 GN=SRRM2 PE=1 SV=2,1,2,3,2,299.4,SRRM2,137328.83,22945.34,98485.52,,
High,Master Protein,O94906,Pre-mRNA-processing factor 6 OS=Homo sapiens OX=9606 GN=PRPF6 PE=1 SV=1,2,2,3,2,106.9,PRPF6,337182.48,55472.82,208416.95,77497.57,
High,Master Protein,Q8IX12,Cell division cycle and apoptosis regulator protein 1 OS=Homo sapiens OX=9606 GN=CCAR1 PE=1 SV=2,3,2,3,2,132.7,CCAR1,50147.74,30710.4,40891.96,,
High,Master Protein,Q92785,Zinc finger protein ubi-d4 OS=Homo sapiens OX=9606 GN=DPF2 PE=1 SV=2,8,2,3,2,44.1,DPF2,99476.55,,57532.65,,
High,Master Protein,Q9P258,Protein RCC2 OS=Homo sapiens OX=9606 GN=RCC2 PE=1 SV=2,5,2,3,2,56,RCC2,88866.84,,48531.2,19073.52,
High,Master Protein,P62888,Large ribosomal subunit protein eL30 OS=Homo sapiens OX=9606 GN=RPL30 PE=1 SV=2,27,2,3,2,12.8,RPL30,74555.44,10129.55,22512.58,70423.7,14253.59
High,Master Protein,Q96Q89,Kinesin-like protein KIF20B OS=Homo sapiens OX=9606 GN=KIF20B PE=1 SV=3,2,2,3,2,210.5,KIF20B,89973.7,,58639.1,,
High,Master Protein,Q8IWI9,MAX gene-associated protein OS=Homo sapiens OX=9606 GN=MGA PE=1 SV=4,1,2,3,2,336,MGA,103572.85,77572.86,84982.98,,
High,Master Protein,P26599,Polypyrimidine tract-binding protein 1 OS=Homo sapiens OX=9606 GN=PTBP1 PE=1 SV=2,4,2,3,2,59.6,PTBP1,144250.76,25194.62,123005.01,83604.93,
High,Master Protein,Q9Y2W2,WW domain-binding protein 11 OS=Homo sapiens OX=9606 GN=WBP11 PE=1 SV=1,5,2,3,2,70,WBP11,139230.5,61107.68,89732.84,,
High,Master Protein,P63010,AP-2 complex subunit beta OS=Homo sapiens OX=9606 GN=AP2B1 PE=1 SV=1,3,2,3,2,104.5,AP2B1,218968.75,52319.04,129596.06,71287.67,
High,Master Protein,P23526,Adenosylhomocysteinase OS=Homo sapiens OX=9606 GN=AHCY PE=1 SV=4,7,3,3,3,47.7,AHCY,155317.24,42428.03,63579.41,280846.54,67277.92
High,Master Protein,P48047,"ATP synthase subunit O, mitochondrial OS=Homo sapiens OX=9606 GN=ATP5PO PE=1 SV=1",16,3,3,3,23.3,ATP5PO,62722.72,17687.86,,37412.18,230275.63
High,Master Protein,O43290,U4/U6.U5 tri-snRNP-associated protein 1 OS=Homo sapiens OX=9606 GN=SART1 PE=1 SV=1,3,2,3,2,90.2,SART1,169680.21,35131.47,107947.3,20664.19,10993.84
High,Master Protein,P11940,Polyadenylate-binding protein 1 OS=Homo sapiens OX=9606 GN=PABPC1 PE=1 SV=2,5,3,3,3,70.6,PABPC1,41133.4,22334.45,43647.67,273376.71,
High,Master Protein,P01876,Immunoglobulin heavy constant alpha 1 OS=Homo sapiens OX=9606 GN=IGHA1 PE=1 SV=3,7,2,3,2,42.8,IGHA1,313464.22,95633.9,85476.86,183606.85,68622.68
High,Master Protein,Q1KMD3,Heterogeneous nuclear ribonucleoprotein U-like protein 2 OS=Homo sapiens OX=9606 GN=HNRNPUL2 PE=1 SV=1,4,2,3,2,85.1,HNRNPUL2,32370.38,,,23822.42,
High,Master Protein,P15531,Nucleoside diphosphate kinase A OS=Homo sapiens OX=9606 GN=NME1 PE=1 SV=1,19,2,2,2,17.1,NME1,85242.02,27527.22,30219.09,151357.63,12198.22
High,Master Protein,Q96AE4,Far upstream element-binding protein 1 OS=Homo sapiens OX=9606 GN=FUBP1 PE=1 SV=3,5,2,2,2,67.5,FUBP1,89721.75,21112.64,43069.39,54140.96,
High,Master Protein,Q9UKV3,Apoptotic chromatin condensation inducer in the nucleus OS=Homo sapiens OX=9606 GN=ACIN1 PE=1 SV=2,2,2,2,2,151.8,ACIN1,264605.76,79132.79,284206.08,,
High,Master Protein,Q96BD5,PHD finger protein 21A OS=Homo sapiens OX=9606 GN=PHF21A PE=1 SV=1,5,2,2,2,74.8,PHF21A,41312.39,92511.59,14505.96,,
High,Master Protein,O43684,Mitotic checkpoint protein BUB3 OS=Homo sapiens OX=9606 GN=BUB3 PE=1 SV=1,5,2,2,2,37.1,BUB3,443823.13,99478.71,282004.93,145313.53,
High,Master Protein,Q86U86,Protein polybromo-1 OS=Homo sapiens OX=9606 GN=PBRM1 PE=1 SV=1,1,2,2,2,192.8,PBRM1,182117.39,31626.91,84599.64,,
High,Master Protein,Q9Y446,Plakophilin-3 OS=Homo sapiens OX=9606 GN=PKP3 PE=1 SV=1,2,2,2,2,87,PKP3,,,,309406.4,
High,Master Protein,Q5T5X7,BEN domain-containing protein 3 OS=Homo sapiens OX=9606 GN=BEND3 PE=1 SV=1,3,2,2,2,94.4,BEND3,31471.4,49449.71,82619.2,34040.11,
High,Master Protein,Q13123,Protein Red OS=Homo sapiens OX=9606 GN=IK PE=1 SV=3,3,2,2,2,65.6,IK,336876.13,134960.15,258595.03,124841.45,
High,Master Protein,Q9NW13,RNA-binding protein 28 OS=Homo sapiens OX=9606 GN=RBM28 PE=1 SV=3,3,2,2,2,85.7,RBM28,62172.16,172354.95,42908.57,155902.2,
High,Master Protein,P02679,Fibrinogen gamma chain OS=Homo sapiens OX=9606 GN=FGG PE=1 SV=3,8,2,2,2,51.5,FGG,,,,123709.8,
High,Master Protein,P42330,Aldo-keto reductase family 1 member C3 OS=Homo sapiens OX=9606 GN=AKR1C3 PE=1 SV=4,11,2,2,2,36.8,AKR1C3,260805.63,60119.8,,,
High,Master Protein,O00541,Pescadillo homolog OS=Homo sapiens OX=9606 GN=PES1 PE=1 SV=1,3,2,2,2,68,PES1,62308.21,31591.36,110750.74,,
High,Master Protein,O00567,Nucleolar protein 56 OS=Homo sapiens OX=9606 GN=NOP56 PE=1 SV=4,4,2,2,2,66,NOP56,294812.93,18978.3,95117.88,38595.21,
High,Master Protein,Q15084,Protein disulfide-isomerase A6 OS=Homo sapiens OX=9606 GN=PDIA6 PE=1 SV=1,7,2,2,2,48.1,PDIA6,103572.63,24417.75,13207.15,16350.67,
High,Master Protein,P23284,Peptidyl-prolyl cis-trans isomerase B OS=Homo sapiens OX=9606 GN=PPIB PE=1 SV=2,13,2,2,2,23.7,PPIB,32937.67,,,32866.72,
High,Master Protein,Q16630,Cleavage and polyadenylation specificity factor subunit 6 OS=Homo sapiens OX=9606 GN=CPSF6 PE=1 SV=2,5,2,2,2,59.2,CPSF6,134873.57,21870.71,50052.79,63704.59,
High,Master Protein,P02786,Transferrin receptor protein 1 OS=Homo sapiens OX=9606 GN=TFRC PE=1 SV=2,4,2,2,2,84.8,TFRC,51280.8,32675.15,,,
High,Master Protein,P08708,Small ribosomal subunit protein eS17 OS=Homo sapiens OX=9606 GN=RPS17 PE=1 SV=2,24,2,2,2,15.5,RPS17,64432.22,,,,
High,Master Protein,P07384,Calpain-1 catalytic subunit OS=Homo sapiens OX=9606 GN=CAPN1 PE=1 SV=1,4,2,2,2,81.8,CAPN1,17827.19,39973.27,,27003.71,
,,,,,,,,,,,,,,
,,,,,,,,,,,,,,
,,,,,,,,,,,,,,
High,Master Protein,Q9NRG0,Chromatin accessibility complex protein 1 OS=Homo sapiens OX=9606 GN=CHRAC1 PE=1 SV=1,6,1,9,1,14.7,CHRAC1,708686.5,680584.31,417448.44,505458.56,508942.66
High,Master Protein,P36957,"Dihydrolipoyllysine-residue succinyltransferase component of 2-oxoglutarate dehydrogenase complex, mitochondrial OS=Homo sapiens OX=9606 GN=DLST PE=1 SV=4",2,1,7,1,48.7,DLST,1602604.63,1406161.63,1202039.75,1216592.5,1002442.63
High,Master Protein,Q96HU8,GTP-binding protein Di-Ras2 OS=Homo sapiens OX=9606 GN=DIRAS2 PE=1 SV=1,6,1,6,1,22.5,DIRAS2,980984.31,1075531.38,700211.69,657708.38,556388.94
Medium,Master Protein,Q8NHJ6,Leukocyte immunoglobulin-like receptor subfamily B member 4 OS=Homo sapiens OX=9606 GN=LILRB4 PE=1 SV=3,2,1,6,1,49.3,LILRB4,556609.3,382352.68,5957540.19,5017028.88,2961693.13
High,Master Protein,Q7Z5H4,Vomeronasal type-1 receptor 5 OS=Homo sapiens OX=9606 GN=VN1R5 PE=2 SV=2,2,1,6,1,40.8,VN1R5,807252.69,518985.72,294815.53,712747.31,426850.72
Medium,Master Protein,Q9BY07,Electrogenic sodium bicarbonate cotransporter 4 OS=Homo sapiens OX=9606 GN=SLC4A5 PE=2 SV=2,1,1,5,1,126.2,SLC4A5,260740.94,203263.19,204314.13,192616.3,156347.28
High,Master Protein,P62917,Large ribosomal subunit protein uL2 OS=Homo sapiens OX=9606 GN=RPL8 PE=1 SV=2,4,1,5,1,28,RPL8,340902.13,169361.55,136449.44,293731.75,223852.09
High,Master Protein,P61626,Lysozyme C OS=Homo sapiens OX=9606 GN=LYZ PE=1 SV=1,8,1,5,1,16.5,LYZ,74999.21,58897.75,72546.29,59629.05,22018.79
High,Master Protein,P69905,Hemoglobin subunit alpha OS=Homo sapiens OX=9606 GN=HBA1 PE=1 SV=2,11,1,4,1,15.2,HBA1; HBA2,795115.56,252051.91,149015.48,,58889.7
Medium,Master Protein,Q8IWZ3,Ankyrin repeat and KH domain-containing protein 1 OS=Homo sapiens OX=9606 GN=ANKHD1 PE=1 SV=1,0,1,4,1,269.3,ANKHD1,,334472.47,374798.41,322198.59,154722.22
High,Master Protein,P62316,Small nuclear ribonucleoprotein Sm D2 OS=Homo sapiens OX=9606 GN=SNRPD2 PE=1 SV=1,8,1,4,1,13.5,SNRPD2,250552.8,82801.75,137675.41,134216.63,
High,Master Protein,P62304,Small nuclear ribonucleoprotein E OS=Homo sapiens OX=9606 GN=SNRPE PE=1 SV=1,12,1,4,1,10.8,SNRPE,201530.5,73028.44,91657.31,87651.45,
High,Master Protein,Q92925,SWI/SNF-related matrix-associated actin-dependent regulator of chromatin subfamily D member 2 OS=Homo sapiens OX=9606 GN=SMARCD2 PE=1 SV=3,2,1,4,1,58.9,SMARCD2,68851.92,,53482.97,,
High,Master Protein,Q92833,Protein Jumonji OS=Homo sapiens OX=9606 GN=JARID2 PE=1 SV=2,1,1,4,1,138.6,JARID2,161818.25,21665.76,63503.4,16554.53,
Medium,Master Protein,Q9BYE4,Small proline-rich protein 2G OS=Homo sapiens OX=9606 GN=SPRR2G PE=3 SV=1,12,1,4,1,8.2,SPRR2G,64864.98,17018.47,18732.88,,15387.49
Medium,Master Protein,Q9NSC5,Homer protein homolog 3 OS=Homo sapiens OX=9606 GN=HOMER3 PE=1 SV=2,2,1,4,1,39.8,HOMER3,63898.7,59171.51,51563.45,55954.41,42126.92
High,Master Protein,P84103,Serine/arginine-rich splicing factor 3 OS=Homo sapiens OX=9606 GN=SRSF3 PE=1 SV=1,5,1,4,1,19.3,SRSF3,191306.86,90112.88,104989.62,158051.83,20670.6
High,Master Protein,Q08170,Serine/arginine-rich splicing factor 4 OS=Homo sapiens OX=9606 GN=SRSF4 PE=1 SV=2,2,1,4,1,56.6,SRSF4,255416.97,62345.21,109467.02,150802.38,
High,Master Protein,P61204,ADP-ribosylation factor 3 OS=Homo sapiens OX=9606 GN=ARF3 PE=1 SV=2,6,1,3,1,20.6,ARF3,92639.84,,,82200.28,
High,Master Protein,Q92522,Histone H1.10 OS=Homo sapiens OX=9606 GN=H1-10 PE=1 SV=1,6,1,3,1,22.5,H1-10,54820.75,64160.42,,68053.01,27440.26
High,Master Protein,Q13769,THO complex subunit 5 homolog OS=Homo sapiens OX=9606 GN=THOC5 PE=1 SV=2,2,1,3,1,78.5,THOC5,111637.48,28001.84,89956.86,,6094.5
High,Master Protein,P61964,WD repeat-containing protein 5 OS=Homo sapiens OX=9606 GN=WDR5 PE=1 SV=1,4,1,3,1,36.6,WDR5,73407.38,40523.77,57092.79,36113.25,
High,Master Protein,A0A0C4DH55,Immunoglobulin kappa variable 3D-7 OS=Homo sapiens OX=9606 GN=IGKV3D-7 PE=3 SV=5,8,1,3,1,13.1,IGKV3D-7,86126.62,63615.16,48819.58,85132.98,58150.32
High,Master Protein,O75475,PC4 and SFRS1-interacting protein OS=Homo sapiens OX=9606 GN=PSIP1 PE=1 SV=1,2,1,3,1,60.1,PSIP1,261797.19,26070.97,107490.49,32451.96,
Medium,Master Protein,Q9UHV8,Galactoside-binding soluble lectin 13 OS=Homo sapiens OX=9606 GN=LGALS13 PE=1 SV=1,5,1,3,1,16.1,LGALS13,1369288.56,,,,
Medium,Master Protein,P02452,Collagen alpha-1(I) chain OS=Homo sapiens OX=9606 GN=COL1A1 PE=1 SV=6,1,1,3,1,138.8,COL1A1,147194.72,79009.46,54504.08,52254.27,8960.95
Medium,Master Protein,Q9NQZ2,Something about silencing protein 10 OS=Homo sapiens OX=9606 GN=UTP3 PE=1 SV=1,2,1,3,1,54.5,UTP3,,100685.08,25005.13,85686.01,59927.07
High,Master Protein,P0DOY2,Immunoglobulin lambda constant 2 OS=Homo sapiens OX=9606 GN=IGLC2 PE=1 SV=1,9,1,3,1,11.3,IGLC2,152013.89,82041.59,64002.74,103953.96,73340.19
High,Master Protein,O60341,Lysine-specific histone demethylase 1A OS=Homo sapiens OX=9606 GN=KDM1A PE=1 SV=2,2,1,3,1,92.8,KDM1A,68610.19,32056.77,64797.2,45910.71,
High,Master Protein,P13804,"Electron transfer flavoprotein subunit alpha, mitochondrial OS=Homo sapiens OX=9606 GN=ETFA PE=1 SV=1",6,1,3,1,35.1,ETFA,23839.16,22733.01,11679.54,,8264.25
High,Master Protein,O76031,"ATP-dependent Clp protease ATP-binding subunit clpX-like, mitochondrial OS=Homo sapiens OX=9606 GN=CLPX PE=1 SV=2",2,1,3,1,69.2,CLPX,95011.94,99936.52,78906.67,82988.84,66718.05
Medium,Master Protein,Q6MZP7,Protein lin-54 homolog OS=Homo sapiens OX=9606 GN=LIN54 PE=1 SV=3,2,1,3,1,79.4,LIN54,58390.45,22582.88,30299.65,19709.89,
High,Master Protein,P50454,Serpin H1 OS=Homo sapiens OX=9606 GN=SERPINH1 PE=1 SV=2,3,1,3,1,46.4,SERPINH1,40408.55,81915.9,43484.94,55444.43,42646.12
High,Master Protein,A0A0C4DH25,Immunoglobulin kappa variable 3D-20 OS=Homo sapiens OX=9606 GN=IGKV3D-20 PE=3 SV=1,14,1,3,1,12.5,IGKV3D-20,39475.97,50295.17,,32400.11,24910.17
Medium,Master Protein,A6NM62,Leucine-rich repeat-containing protein 53 OS=Homo sapiens OX=9606 GN=LRRC53 PE=4 SV=2,1,1,3,1,140.7,LRRC53,310828.19,204856.42,177850.39,183501.41,130275.45
High,Master Protein,P47914,Large ribosomal subunit protein eL29 OS=Homo sapiens OX=9606 GN=RPL29 PE=1 SV=2,9,1,3,1,17.7,RPL29,53764.18,32135.4,,,175074.69
High,Master Protein,Q01844,RNA-binding protein EWS OS=Homo sapiens OX=9606 GN=EWSR1 PE=1 SV=1,2,1,2,1,68.4,EWSR1,64168.27,10136.69,,,
High,Master Protein,P31025,Lipocalin-1 OS=Homo sapiens OX=9606 GN=LCN1 PE=1 SV=1,6,1,2,1,19.2,LCN1,209554.08,56405.79,66275.25,66504.34,79253.73
Medium,Master Protein,Q15758,Neutral amino acid transporter B(0) OS=Homo sapiens OX=9606 GN=SLC1A5 PE=1 SV=2,2,1,2,1,56.6,SLC1A5,,,,25129.86,
High,Master Protein,Q8N163,Cell cycle and apoptosis regulator protein 2 OS=Homo sapiens OX=9606 GN=CCAR2 PE=1 SV=2,1,1,2,1,102.8,CCAR2,71579.29,43206.4,38224.79,60600.64,
High,Master Protein,Q9NWH9,SAFB-like transcription modulator OS=Homo sapiens OX=9606 GN=SLTM PE=1 SV=2,1,1,2,1,117.1,SLTM,110499.84,19951.99,72626.19,18465.61,
Medium,Master Protein,O43251,RNA binding protein fox-1 homolog 2 OS=Homo sapiens OX=9606 GN=RBFOX2 PE=1 SV=3,2,1,2,1,41.3,RBFOX2,,125255.27,477516.38,75550.42,171984.17
High,Master Protein,Q8N9M1,Uncharacterized protein C19orf47 OS=Homo sapiens OX=9606 GN=C19orf47 PE=1 SV=1,3,1,2,1,44.7,C19orf47,59575.86,13956.78,24860.59,,
Medium,Master Protein,Q9UMF0,Intercellular adhesion molecule 5 OS=Homo sapiens OX=9606 GN=ICAM5 PE=1 SV=3,1,1,2,1,97.1,ICAM5,7148260,69389.15,635851.38,17299.88,
Medium,Master Protein,Q8IWX8,Calcium homeostasis endoplasmic reticulum protein OS=Homo sapiens OX=9606 GN=CHERP PE=1 SV=3,1,1,2,1,103.6,CHERP,40567.62,,,,
High,Master Protein,Q7L190,Developmental pluripotency-associated protein 4 OS=Homo sapiens OX=9606 GN=DPPA4 PE=1 SV=2,3,1,2,1,33.5,DPPA4,195327.56,45648.89,136429.86,,19299.07
High,Master Protein,Q8WXF1,Paraspeckle component 1 OS=Homo sapiens OX=9606 GN=PSPC1 PE=1 SV=1,2,1,2,1,58.7,PSPC1,,,34177.91,32093.12,
High,Master Protein,O60306,RNA helicase aquarius OS=Homo sapiens OX=9606 GN=AQR PE=1 SV=4,1,1,2,1,171.2,AQR,72269.66,,121136.46,50802.02,
High,Master Protein,Q10570,Cleavage and polyadenylation specificity factor subunit 1 OS=Homo sapiens OX=9606 GN=CPSF1 PE=1 SV=2,1,1,2,1,160.8,CPSF1,75229.96,,53674.08,31580.1,
High,Master Protein,Q96QD9,UAP56-interacting factor OS=Homo sapiens OX=9606 GN=FYTTD1 PE=1 SV=3,3,1,2,1,35.8,FYTTD1,47899.63,138532.63,24376.12,90301.59,
High,Master Protein,P26038,Moesin OS=Homo sapiens OX=9606 GN=MSN PE=1 SV=3,2,1,2,1,67.8,MSN,217776.48,60818.93,34918.93,13833.63,18879.48
Medium,Master Protein,Q09666,Neuroblast differentiation-associated protein AHNAK OS=Homo sapiens OX=9606 GN=AHNAK PE=1 SV=2,2,1,2,1,628.7,AHNAK,18820.76,9452.3,13370.04,51811.41,
High,Master Protein,O43670,BUB3-interacting and GLEBS motif-containing protein ZNF207 OS=Homo sapiens OX=9606 GN=ZNF207 PE=1 SV=1,3,1,2,1,50.7,ZNF207,82265.53,34895.17,49345.92,35692.39,
High,Master Protein,Q8TAA3,Proteasome subunit alpha-type 8 OS=Homo sapiens OX=9606 GN=PSMA8 PE=2 SV=3,4,1,2,1,28.5,PSMA8,39018.99,20536.57,27772.33,28924.19,9550.08
High,Master Protein,Q13242,Serine/arginine-rich splicing factor 9 OS=Homo sapiens OX=9606 GN=SRSF9 PE=1 SV=1,5,1,2,1,25.5,SRSF9,99848.48,39892.96,69569.82,41765.47,
High,Master Protein,Q6UN15,Pre-mRNA 3'-end-processing factor FIP1 OS=Homo sapiens OX=9606 GN=FIP1L1 PE=1 SV=1,2,1,2,1,66.5,FIP1L1,32540.11,,38497.94,16062.42,
High,Master Protein,Q15185,Prostaglandin E synthase 3 OS=Homo sapiens OX=9606 GN=PTGES3 PE=1 SV=1,11,1,2,1,18.7,PTGES3,117947.91,53867.41,,,
Medium,Master Protein,Q9C0G6,Dynein axonemal heavy chain 6 OS=Homo sapiens OX=9606 GN=DNAH6 PE=2 SV=3,0,1,2,1,475.7,DNAH6,506337.88,528786.88,305795.09,228430.55,253302.17
High,Master Protein,P30101,Protein disulfide-isomerase A3 OS=Homo sapiens OX=9606 GN=PDIA3 PE=1 SV=4,5,1,2,1,56.7,PDIA3,74458.42,20693.4,,,
High,Master Protein,P55854,Small ubiquitin-related modifier 3 OS=Homo sapiens OX=9606 GN=SUMO3 PE=1 SV=2,12,1,2,1,11.6,SUMO3,,77233.83,,76538.91,
High,Master Protein,Q68CP9,AT-rich interactive domain-containing protein 2 OS=Homo sapiens OX=9606 GN=ARID2 PE=1 SV=2,1,1,2,1,197.3,ARID2,59617.07,,21330.45,,
High,Master Protein,P35268,Large ribosomal subunit protein eL22 OS=Homo sapiens OX=9606 GN=RPL22 PE=1 SV=2,9,1,2,1,14.8,RPL22,,54228.59,,139512.3,62729.13
High,Master Protein,Q9NV06,DDB1- and CUL4-associated factor 13 OS=Homo sapiens OX=9606 GN=DCAF13 PE=1 SV=2,2,1,2,1,51.4,DCAF13,,140536.61,,72444.37,
Medium,Master Protein,O75151,Lysine-specific demethylase PHF2 OS=Homo sapiens OX=9606 GN=PHF2 PE=1 SV=4,1,1,2,1,120.7,PHF2,291644.22,19068.08,202545.34,58270.64,
High,Master Protein,Q86U42,Polyadenylate-binding protein 2 OS=Homo sapiens OX=9606 GN=PABPN1 PE=1 SV=3,4,1,2,1,32.7,PABPN1,118543.65,,42200.63,27155.25,
High,Master Protein,Q01082,"Spectrin beta chain, non-erythrocytic 1 OS=Homo sapiens OX=9606 GN=SPTBN1 PE=1 SV=2",1,1,2,1,274.4,SPTBN1,235930.64,36467.15,107832.84,55950.82,
High,Master Protein,P56537,Eukaryotic translation initiation factor 6 OS=Homo sapiens OX=9606 GN=EIF6 PE=1 SV=1,7,1,2,1,26.6,EIF6,57523.72,14708.85,,,
Medium,Master Protein,P10599,Thioredoxin OS=Homo sapiens OX=9606 GN=TXN PE=1 SV=3,9,1,2,1,11.7,TXN,,,,56020.42,
High,Master Protein,Q00325,Solute carrier family 25 member 3 OS=Homo sapiens OX=9606 GN=SLC25A3 PE=1 SV=2,3,1,2,1,40.1,SLC25A3,61864.71,21698.46,30266.93,62160.82,48340.04
Medium,Master Protein,O95969,Secretoglobin family 1D member 2 OS=Homo sapiens OX=9606 GN=SCGB1D2 PE=2 SV=1,10,1,1,1,9.9,SCGB1D2,171271.95,,,,
High,Master Protein,P13929,Beta-enolase OS=Homo sapiens OX=9606 GN=ENO3 PE=1 SV=5,3,1,1,1,47,ENO3,,,,45711.91,
High,Master Protein,O75449,Katanin p60 ATPase-containing subunit A1 OS=Homo sapiens OX=9606 GN=KATNA1 PE=1 SV=1,2,1,1,1,55.9,KATNA1,95405.59,95354.18,62548.63,67256.27,55369.06
Medium,Master Protein,P13010,X-ray repair cross-complementing protein 5 OS=Homo sapiens OX=9606 GN=XRCC5 PE=1 SV=3,1,1,1,1,82.7,XRCC5,77171.13,,38998.3,51441.6,
Medium,Master Protein,P05388,Large ribosomal subunit protein uL10 OS=Homo sapiens OX=9606 GN=RPLP0 PE=1 SV=1,3,1,1,1,34.3,RPLP0,65617.84,,37239.77,112787.63,13857.06
High,Master Protein,P14625,Endoplasmin OS=Homo sapiens OX=9606 GN=HSP90B1 PE=1 SV=1,1,1,1,1,92.4,HSP90B1,,,,126991.75,
Medium,Master Protein,Q01085,Nucleolysin TIAR OS=Homo sapiens OX=9606 GN=TIAL1 PE=1 SV=1,3,1,1,1,41.6,TIAL1,43657.4,,,,
Medium,Master Protein,Q96J65,ATP-binding cassette sub-family C member 12 OS=Homo sapiens OX=9606 GN=ABCC12 PE=1 SV=2,2,1,1,1,152.2,ABCC12,,36877.13,267173.41,333789.13,109338.35
High,Master Protein,P18669,Phosphoglycerate mutase 1 OS=Homo sapiens OX=9606 GN=PGAM1 PE=1 SV=2,7,1,1,1,28.8,PGAM1,71992.96,34908.52,16359.94,,
High,Master Protein,Q9BZE4,GTP-binding protein 4 OS=Homo sapiens OX=9606 GN=GTPBP4 PE=1 SV=3,2,1,1,1,73.9,GTPBP4,28955.31,,31109.6,,
High,Master Protein,Q14974,Importin subunit beta-1 OS=Homo sapiens OX=9606 GN=KPNB1 PE=1 SV=2,1,1,1,1,97.1,KPNB1,60645.48,,37060.82,,
High,Master Protein,P31327,"Carbamoyl-phosphate synthase [ammonia], mitochondrial OS=Homo sapiens OX=9606 GN=CPS1 PE=1 SV=2",1,1,1,1,164.8,CPS1,128363.66,35925.63,,,
Medium,Master Protein,Q9Y2X3,Nucleolar protein 58 OS=Homo sapiens OX=9606 GN=NOP58 PE=1 SV=1,2,1,1,1,59.5,NOP58,63271.01,,21602.44,15106.21,
Medium,Master Protein,Q9NVP1,ATP-dependent RNA helicase DDX18 OS=Homo sapiens OX=9606 GN=DDX18 PE=1 SV=2,1,1,1,1,75.4,DDX18,158371.45,,,,
Medium,Master Protein,Q9BSC4,Nucleolar protein 10 OS=Homo sapiens OX=9606 GN=NOL10 PE=1 SV=1,1,1,1,1,80.3,NOL10,68938.34,44657.02,65942.99,,
Medium,Master Protein,P62906,Large ribosomal subunit protein uL1 OS=Homo sapiens OX=9606 GN=RPL10A PE=1 SV=2,4,1,1,1,24.8,RPL10A,150621.14,33058.7,71912.94,129056.73,47281.86
High,Master Protein,Q15363,Transmembrane emp24 domain-containing protein 2 OS=Homo sapiens OX=9606 GN=TMED2 PE=1 SV=1,6,1,1,1,22.7,TMED2,,,,23198.26,
High,Master Protein,P19971,Thymidine phosphorylase OS=Homo sapiens OX=9606 GN=TYMP PE=1 SV=2,3,1,1,1,49.9,TYMP,19626.42,,,88771.27,
Medium,Master Protein,Q15050,Ribosome biogenesis regulatory protein homolog OS=Homo sapiens OX=9606 GN=RRS1 PE=1 SV=2,2,1,1,1,41.2,RRS1,119405.96,54196.55,48492.93,67727.66,14383.64
High,Master Protein,P54819,"Adenylate kinase 2, mitochondrial OS=Homo sapiens OX=9606 GN=AK2 PE=1 SV=2",7,1,1,1,26.5,AK2,46573.53,25071.29,,,
Medium,Master Protein,O75874,Isocitrate dehydrogenase [NADP] cytoplasmic OS=Homo sapiens OX=9606 GN=IDH1 PE=1 SV=2,2,1,1,1,46.6,IDH1,29239.26,11186.64,12968.29,10047.92,4300.8
High,Master Protein,Q9P2I0,Cleavage and polyadenylation specificity factor subunit 2 OS=Homo sapiens OX=9606 GN=CPSF2 PE=1 SV=2,2,1,1,1,88.4,CPSF2,,,24121.29,18975.54,
High,Master Protein,Q8IZL8,"Proline-, glutamic acid- and leucine-rich protein 1 OS=Homo sapiens OX=9606 GN=PELP1 PE=1 SV=2",1,1,1,1,119.6,PELP1,51004.09,25064.46,50811.77,20312.22,
High,Master Protein,P62847,Small ribosomal subunit protein eS24 OS=Homo sapiens OX=9606 GN=RPS24 PE=1 SV=1,9,1,1,1,15.4,RPS24,63864.57,54003.96,20693.79,80791.17,13079.78
High,Master Protein,Q92974,Rho guanine nucleotide exchange factor 2 OS=Homo sapiens OX=9606 GN=ARHGEF2 PE=1 SV=4,1,1,1,1,111.5,ARHGEF2,79290.17,51331.71,37683.66,57624.04,
High,Master Protein,Q96AG4,Leucine-rich repeat-containing protein 59 OS=Homo sapiens OX=9606 GN=LRRC59 PE=1 SV=1,4,1,1,1,34.9,LRRC59,51204.75,19855.25,,37977.59,
High,Master Protein,Q15369,Elongin-C OS=Homo sapiens OX=9606 GN=ELOC PE=1 SV=1,10,1,1,1,12.5,ELOC,66892.55,18840.99,8359.43,11657.17,6532.14
Medium,Master Protein,P14735,Insulin-degrading enzyme OS=Homo sapiens OX=9606 GN=IDE PE=1 SV=4,1,1,1,1,117.9,IDE,17587.85,11224.26,,74108.83,
Medium,Master Protein,Q96CN9,GRIP and coiled-coil domain-containing protein 1 OS=Homo sapiens OX=9606 GN=GCC1 PE=1 SV=1,1,1,1,1,87.8,GCC1,465697.03,526104.5,372287.47,317632.28,284422.28
High,Master Protein,P30041,Peroxiredoxin-6 OS=Homo sapiens OX=9606 GN=PRDX6 PE=1 SV=3,5,1,1,1,25,PRDX6,,,,211317.8,
High,Master Protein,Q96EP5,DAZ-associated protein 1 OS=Homo sapiens OX=9606 GN=DAZAP1 PE=1 SV=1,2,1,1,1,43.4,DAZAP1,148594.22,5188.26,,9943.26,
Medium,Master Protein,Q9H8Y1,Vertnin OS=Homo sapiens OX=9606 GN=VRTN PE=1 SV=1,1,1,1,1,78.2,VRTN,46492.36,,47789.68,,
High,Master Protein,P07237,Protein disulfide-isomerase OS=Homo sapiens OX=9606 GN=P4HB PE=1 SV=3,2,1,1,1,57.1,P4HB,,15472.62,,63865.26,
High,Master Protein,Q8N1G1,RNA exonuclease 1 homolog OS=Homo sapiens OX=9606 GN=REXO1 PE=1 SV=3,1,1,1,1,131.4,REXO1,,48007.09,,34006.2,
High,Master Protein,P36952,Serpin B5 OS=Homo sapiens OX=9606 GN=SERPINB5 PE=1 SV=2,3,1,1,1,42.1,SERPINB5,,,,223079.13,
High,Master Protein,Q8NC51,SERPINE1 mRNA-binding protein 1 OS=Homo sapiens OX=9606 GN=SERBP1 PE=1 SV=2,4,1,1,1,44.9,SERBP1,113307.25,24686.04,,,
High,Master Protein,Q86W42,THO complex subunit 6 homolog OS=Homo sapiens OX=9606 GN=THOC6 PE=1 SV=1,3,1,1,1,37.5,THOC6,,28321.54,50250.98,,32858.5
High,Master Protein,Q53RT3,Retroviral-like aspartic protease 1 OS=Homo sapiens OX=9606 GN=ASPRV1 PE=1 SV=1,4,1,1,1,37,ASPRV1,,24413.92,,154093.53,
Medium,Master Protein,P61224,Ras-related protein Rap-1b OS=Homo sapiens OX=9606 GN=RAP1B PE=1 SV=1,6,1,1,1,20.8,RAP1B,,,,53085.36,
High,Master Protein,Q16563,Synaptophysin-like protein 1 OS=Homo sapiens OX=9606 GN=SYPL1 PE=1 SV=1,4,1,1,1,28.5,SYPL1,45589.91,27641.21,17225.93,30046.29,
High,Master Protein,P23528,Cofilin-1 OS=Homo sapiens OX=9606 GN=CFL1 PE=1 SV=3,8,1,1,1,18.5,CFL1,29865.75,,22375.61,74364.88,
High,Master Protein,P00558,Phosphoglycerate kinase 1 OS=Homo sapiens OX=9606 GN=PGK1 PE=1 SV=3,4,1,1,1,44.6,PGK1,110835.95,48039.34,29688.65,40320.52,15249.09
High,Master Protein,P83916,Chromobox protein homolog 1 OS=Homo sapiens OX=9606 GN=CBX1 PE=1 SV=1,9,1,1,1,21.4,CBX1,94266.2,27846.7,66915.34,,
High,Master Protein,Q6DD87,Zinc finger protein 787 OS=Homo sapiens OX=9606 GN=ZNF787 PE=1 SV=4,3,1,1,1,40.4,ZNF787,39294.13,23601.6,15488.03,,144734.97
High,Master Protein,P60953,Cell division control protein 42 homolog OS=Homo sapiens OX=9606 GN=CDC42 PE=1 SV=2,6,1,1,1,21.2,CDC42,84642.67,14551.87,,,
Medium,Master Protein,A0A286YFB4,Small cysteine and glycine repeat-containing protein 2 OS=Homo sapiens OX=9606 GN=SCYGR2 PE=1 SV=1,10,1,1,1,10.8,SCYGR2,,,,18467.94,
Medium,Master Protein,P33993,DNA replication licensing factor MCM7 OS=Homo sapiens OX=9606 GN=MCM7 PE=1 SV=4,3,1,1,1,81.3,MCM7,55525.57,32585.54,33086.83,,18749.54
Medium,Master Protein,P13987,CD59 glycoprotein OS=Homo sapiens OX=9606 GN=CD59 PE=1 SV=1,9,1,1,1,14.2,CD59,51488.96,14639.58,,,
High,Master Protein,Q92499,ATP-dependent RNA helicase DDX1 OS=Homo sapiens OX=9606 GN=DDX1 PE=1 SV=2,2,1,1,1,82.4,DDX1,46303.43,,,,
Medium,Master Protein,Q9Y3R4,Sialidase-2 OS=Homo sapiens OX=9606 GN=NEU2 PE=1 SV=2,3,1,1,1,42.2,NEU2,,19451.95,,68903.57,12130.91
High,Master Protein,Q6ZRR7,Leucine-rich repeat-containing protein 9 OS=Homo sapiens OX=9606 GN=LRRC9 PE=2 SV=2,0,1,1,1,166.8,LRRC9,199998.84,149340.94,97044.5,77176.38,92042.38
High,Master Protein,Q53F19,Nuclear cap-binding protein subunit 3 OS=Homo sapiens OX=9606 GN=NCBP3 PE=1 SV=2,4,1,1,1,70.5,NCBP3,,,,57696.95,
High,Master Protein,P45973,Chromobox protein homolog 5 OS=Homo sapiens OX=9606 GN=CBX5 PE=1 SV=1,4,1,1,1,22.2,CBX5,104247.41,51362.45,73587.66,56212.48,
High,Master Protein,P98175,RNA-binding protein 10 OS=Homo sapiens OX=9606 GN=RBM10 PE=1 SV=3,1,1,1,1,103.5,RBM10,69441.21,31732.18,50102.24,,
High,Master Protein,Q9Y6K1,DNA (cytosine-5)-methyltransferase 3A OS=Homo sapiens OX=9606 GN=DNMT3A PE=1 SV=4,1,1,1,1,101.8,DNMT3A,,,65818.69,19786.98,
High,Master Protein,Q14978,Nucleolar and coiled-body phosphoprotein 1 OS=Homo sapiens OX=9606 GN=NOLC1 PE=1 SV=2,1,1,1,1,73.6,NOLC1,158288.83,24898.39,53302.32,30943.13,19910.86
High,Master Protein,P49674,Casein kinase I isoform epsilon OS=Homo sapiens OX=9606 GN=CSNK1E PE=1 SV=1,3,1,1,1,47.3,CSNK1E,,,,86361.78,
High,Master Protein,Q15907,Ras-related protein Rab-11B OS=Homo sapiens OX=9606 GN=RAB11B PE=1 SV=4,4,1,1,1,24.5,RAB11B,35375.79,,,61195.73,5569.95
Medium,Master Protein,Q96DA0,Zymogen granule protein 16 homolog B OS=Homo sapiens OX=9606 GN=ZG16B PE=1 SV=3,4,1,1,1,22.7,EECP,145137.27,27830.23,38784.38,19162.51,17399
High,Master Protein,P78347,General transcription factor II-I OS=Homo sapiens OX=9606 GN=GTF2I PE=1 SV=2,2,1,1,1,112.3,GTF2I,,,25610.78,33738.37,
Medium,Master Protein,P18074,General transcription and DNA repair factor IIH helicase subunit XPD OS=Homo sapiens OX=9606 GN=ERCC2 PE=1 SV=1,1,1,1,1,86.9,ERCC2,250356.86,237459.89,154991.38,188272.22,161004.63
High,Master Protein,P27824,Calnexin OS=Homo sapiens OX=9606 GN=CANX PE=1 SV=2,2,1,1,1,67.5,CANX,142452.09,45453.19,24054.78,21062.43,12038.9
High,Master Protein,O15240,Neurosecretory protein VGF OS=Homo sapiens OX=9606 GN=VGF PE=1 SV=2,2,1,1,1,67.2,VGF,485800.13,357576.34,329823.81,329623.78,254281.38
High,Master Protein,Q99986,Serine/threonine-protein kinase VRK1 OS=Homo sapiens OX=9606 GN=VRK1 PE=1 SV=1,2,1,1,1,45.4,VRK1,30353.21,,11272.96,8929.22,
Medium,Master Protein,Q08431,Lactadherin OS=Homo sapiens OX=9606 GN=MFGE8 PE=1 SV=3,3,1,1,1,43.1,MFGE8,,,,,41388.98
High,Master Protein,P17931,Galectin-3 OS=Homo sapiens OX=9606 GN=LGALS3 PE=1 SV=5,6,1,1,1,26.1,LGALS3,147450.3,61850.5,,,127820.93
Medium,Master Protein,P08123,Collagen alpha-2(I) chain OS=Homo sapiens OX=9606 GN=COL1A2 PE=1 SV=7,1,1,1,1,129.2,COL1A2,65053.85,17983.54,28469.19,22679.13,
High,Master Protein,P35789,Zinc finger protein 93 OS=Homo sapiens OX=9606 GN=ZNF93 PE=1 SV=4,2,1,1,1,70.9,ZNF93,,,,,134684.03
Medium,Master Protein,Q9H0R6,"Glutamyl-tRNA(Gln) amidotransferase subunit A, mitochondrial OS=Homo sapiens OX=9606 GN=QRSL1 PE=1 SV=2",2,1,1,1,57.4,QRSL1,,,59919.84,38452.77,
High,Master Protein,Q96MU7,YTH domain-containing protein 1 OS=Homo sapiens OX=9606 GN=YTHDC1 PE=1 SV=3,1,1,1,1,84.6,YTHDC1,36636.21,,23016.54,8438.45,
Medium,Master Protein,Q86X27,Ras-specific guanine nucleotide-releasing factor RalGPS2 OS=Homo sapiens OX=9606 GN=RALGPS2 PE=1 SV=1,1,1,1,1,65.1,RALGPS2,92849.27,11193.51,64324.06,,
Medium,Master Protein,P19388,"DNA-directed RNA polymerases I, II, and III subunit RPABC1 OS=Homo sapiens OX=9606 GN=POLR2E PE=1 SV=4",4,1,1,1,24.5,POLR2E,62579.27,,31571.21,16794.32,
High,Master Protein,Q14574,Desmocollin-3 OS=Homo sapiens OX=9606 GN=DSC3 PE=1 SV=3,1,1,1,1,99.9,DSC3,154192.06,72899.26,81130.06,52448.68,
High,Master Protein,P15880,Small ribosomal subunit protein uS5 OS=Homo sapiens OX=9606 GN=RPS2 PE=1 SV=2,4,1,1,1,31.3,RPS2,,75627.37,64219.07,160043.17,39338.26
High,Master Protein,P31948,Stress-induced-phosphoprotein 1 OS=Homo sapiens OX=9606 GN=STIP1 PE=1 SV=1,2,1,1,1,62.6,STIP1,120755.11,21978.93,14922.12,,
Medium,Master Protein,Q5T7N2,LINE-1 type transposase domain-containing protein 1 OS=Homo sapiens OX=9606 GN=L1TD1 PE=1 SV=1,1,1,1,1,98.8,L1TD1,64307.36,,,,
High,Master Protein,Q6DKI1,Ribosomal protein uL30-like OS=Homo sapiens OX=9606 GN=RPL7L1 PE=1 SV=2,4,1,1,1,29.7,RPL7L1,47698,,44048.79,,
High,Master Protein,Q9NPG3,Ubinuclein-1 OS=Homo sapiens OX=9606 GN=UBN1 PE=1 SV=2,2,1,1,1,121.4,UBN1,49041.59,23194.17,50245.46,,
Medium,Master Protein,O95248,Myotubularin-related protein 5 OS=Homo sapiens OX=9606 GN=SBF1 PE=1 SV=4,0,1,1,1,208.3,SBF1,21923.29,9711.09,6480.45,466000.31,9589.5
Medium,Master Protein,P04083,Annexin A1 OS=Homo sapiens OX=9606 GN=ANXA1 PE=1 SV=2,4,1,1,1,38.7,ANXA1,,,39193.73,,28931.81
Medium,Master Protein,Q16740,"ATP-dependent Clp protease proteolytic subunit, mitochondrial OS=Homo sapiens OX=9606 GN=CLPP PE=1 SV=1",3,1,1,1,30.2,CLPP,107509.82,97490.08,81824.73,103577.62,68882.23
High,Master Protein,P00491,Purine nucleoside phosphorylase OS=Homo sapiens OX=9606 GN=PNP PE=1 SV=2,7,1,1,1,32.1,PNP,59794.85,,,,
High,Master Protein,Q01628,Interferon-induced transmembrane protein 3 OS=Homo sapiens OX=9606 GN=IFITM3 PE=1 SV=2,19,1,1,1,14.6,IFITM3,38602.48,,,,
High,Master Protein,P41252,"Isoleucine--tRNA ligase, cytoplasmic OS=Homo sapiens OX=9606 GN=IARS1 PE=1 SV=2",1,1,1,1,144.4,IARS1,42637.38,7291.86,,,
Medium,Master Protein,Q07157,Tight junction protein ZO-1 OS=Homo sapiens OX=9606 GN=TJP1 PE=1 SV=3,1,1,1,1,195.3,TJP1,37775.82,,19241.04,,
High,Master Protein,P42166,"Lamina-associated polypeptide 2, isoform alpha OS=Homo sapiens OX=9606 GN=TMPO PE=1 SV=2",2,1,1,1,75.4,TMPO,97809.29,18537.06,41192.25,31640.95,
High,Master Protein,P18124,Large ribosomal subunit protein uL30 OS=Homo sapiens OX=9606 GN=RPL7 PE=1 SV=1,4,1,1,1,29.2,RPL7,99390.07,44658.13,73959.22,158543.23,
High,Master Protein,P55081,Microfibrillar-associated protein 1 OS=Homo sapiens OX=9606 GN=MFAP1 PE=1 SV=2,3,1,1,1,51.9,MFAP1,135954.92,36476.24,60943.59,55239.22,
High,Master Protein,P04179,"Superoxide dismutase [Mn], mitochondrial OS=Homo sapiens OX=9606 GN=SOD2 PE=1 SV=3",7,1,1,1,24.7,SOD2,68837.84,11090.28,,,
High,Master Protein,Q9ULW8,Protein-arginine deiminase type-3 OS=Homo sapiens OX=9606 GN=PADI3 PE=1 SV=2,2,1,1,1,74.7,PADI3,,,8536.84,43604.98,10800.81
Medium,Master Protein,Q9BXP5,Serrate RNA effector molecule homolog OS=Homo sapiens OX=9606 GN=SRRT PE=1 SV=1,1,1,1,1,100.6,SRRT,148495.17,28024.42,108363.2,48585.59,
High,Master Protein,P27635,Large ribosomal subunit protein uL16 OS=Homo sapiens OX=9606 GN=RPL10 PE=1 SV=5,4,1,1,1,24.6,RPL10,116007.13,28730.63,17161.15,16848.01,10378.11
High,Master Protein,P49750,YLP motif-containing protein 1 OS=Homo sapiens OX=9606 GN=YLPM1 PE=1 SV=4,1,1,1,1,241.5,YLPM1,47096.07,14111.68,23361.35,,
High,Master Protein,P06454,Prothymosin alpha OS=Homo sapiens OX=9606 GN=PTMA PE=1 SV=2,13,1,1,1,12.2,PTMA,19853.91,12826.57,14542.06,12892.58,6255.23
High,Master Protein,Q6ZN08,Putative zinc finger protein 66 OS=Homo sapiens OX=9606 GN=ZNF66 PE=5 SV=3,2,1,1,1,65.8,ZNF66,121226.31,78449.45,98695.56,95146.61,267456.5
High,Master Protein,Q15293,Reticulocalbin-1 OS=Homo sapiens OX=9606 GN=RCN1 PE=1 SV=1,5,1,1,1,38.9,RCN1,51992.29,19645.9,,,
High,Master Protein,Q01130,Serine/arginine-rich splicing factor 2 OS=Homo sapiens OX=9606 GN=SRSF2 PE=1 SV=4,5,1,1,1,25.5,SRSF2,25459.76,9113.84,6697.65,2442.26,3892.99
Medium,Master Protein,P00326,Alcohol dehydrogenase 1C OS=Homo sapiens OX=9606 GN=ADH1C PE=1 SV=2,6,1,1,1,39.8,ADH1C,,,,57037.36,
,,,,,,,,,,,,,,
,,,,,,,,,,,,,,
,,,,,,,,,,,,,,
High,Master Protein,O14776,Transcription elongation regulator 1 OS=Homo sapiens OX=9606 GN=TCERG1 PE=1 SV=2,2,2,4,2,123.8,TCERG1,,,,,
High,Master Protein,P00966,Argininosuccinate synthase OS=Homo sapiens OX=9606 GN=ASS1 PE=1 SV=2,2,1,3,1,46.5,ASS1,,,,,
High,Master Protein,Q9BZJ0,Crooked neck-like protein 1 OS=Homo sapiens OX=9606 GN=CRNKL1 PE=1 SV=4,3,2,2,2,100.4,CRNKL1,,,,,
High,Master Protein,Q8TDN6,Ribosome biogenesis protein BRX1 homolog OS=Homo sapiens OX=9606 GN=BRIX1 PE=1 SV=2,5,2,2,2,41.4,BRIX1,,,,,
High,Master Protein,P62081,Small ribosomal subunit protein eS7 OS=Homo sapiens OX=9606 GN=RPS7 PE=1 SV=1,11,1,2,1,22.1,RPS7,,,,,
High,Master Protein,Q14766,Latent-transforming growth factor beta-binding protein 1 OS=Homo sapiens OX=9606 GN=LTBP1 PE=1 SV=4,1,1,2,1,186.7,LTBP1,,,,,
High,Master Protein,Q9UQE7,Structural maintenance of chromosomes protein 3 OS=Homo sapiens OX=9606 GN=SMC3 PE=1 SV=2,1,1,2,1,141.5,SMC3,,,,,
Medium,Master Protein,Q96HE9,Proline-rich protein 11 OS=Homo sapiens OX=9606 GN=PRR11 PE=1 SV=1,5,1,2,1,40.1,PRR11,,,,,
High,Master Protein,Q9H0E3,Histone deacetylase complex subunit SAP130 OS=Homo sapiens OX=9606 GN=SAP130 PE=1 SV=1,1,1,1,1,110.3,SAP130,,,,,
Medium,Master Protein,P62714,Serine/threonine-protein phosphatase 2A catalytic subunit beta isoform OS=Homo sapiens OX=9606 GN=PPP2CB PE=1 SV=1,4,1,1,1,35.6,PPP2CB,,,,,
High,Master Protein,Q96CB8,Integrator complex subunit 12 OS=Homo sapiens OX=9606 GN=INTS12 PE=1 SV=1,5,1,1,1,48.8,INTS12,,,,,
High,Master Protein,Q15181,Inorganic pyrophosphatase OS=Homo sapiens OX=9606 GN=PPA1 PE=1 SV=2,6,1,1,1,32.6,PPA1,,,,,
Medium,Master Protein,Q9H0S4,Probable ATP-dependent RNA helicase DDX47 OS=Homo sapiens OX=9606 GN=DDX47 PE=1 SV=1,2,1,1,1,50.6,DDX47,,,,,
Medium,Master Protein,P49862,Kallikrein-7 OS=Homo sapiens OX=9606 GN=KLK7 PE=1 SV=1,7,1,1,1,27.5,KLK7,,,,,
Medium,Master Protein,O75356,Nucleoside diphosphate phosphatase ENTPD5 OS=Homo sapiens OX=9606 GN=ENTPD5 PE=1 SV=1,6,1,1,1,47.5,ENTPD5,,,,,
Medium,Master Protein,P49915,GMP synthase [glutamine-hydrolyzing] OS=Homo sapiens OX=9606 GN=GMPS PE=1 SV=1,1,1,1,1,76.7,GMPS,,,,,
High,Master Protein,P35580,Myosin-10 OS=Homo sapiens OX=9606 GN=MYH10 PE=1 SV=3,1,1,1,1,228.9,MYH10,,,,,
High,Master Protein,P52292,Importin subunit alpha-1 OS=Homo sapiens OX=9606 GN=KPNA2 PE=1 SV=1,4,1,1,1,57.8,KPNA2,,,,,
High,Master Protein,P62241,Small ribosomal subunit protein eS8 OS=Homo sapiens OX=9606 GN=RPS8 PE=1 SV=2,7,1,1,1,24.2,RPS8,,,,,
High,Master Protein,Q8NFD5,AT-rich interactive domain-containing protein 1B OS=Homo sapiens OX=9606 GN=ARID1B PE=1 SV=3,1,1,1,1,243.8,ARID1B,,,,,
High,Master Protein,P11413,Glucose-6-phosphate 1-dehydrogenase OS=Homo sapiens OX=9606 GN=G6PD PE=1 SV=4,4,1,1,1,59.2,G6PD,,,,,
Medium,Master Protein,Q14697,Neutral alpha-glucosidase AB OS=Homo sapiens OX=9606 GN=GANAB PE=1 SV=3,2,1,1,1,106.8,GANAB,,,,,
Medium,Master Protein,P57077,MAP3K7 C-terminal-like protein OS=Homo sapiens OX=9606 GN=MAP3K7CL PE=1 SV=2,6,1,1,1,16.4,MAP3K7CL,,,,,
Medium,Master Protein,Q9ULU4,MYND-type zinc finger-containing chromatin reader ZMYND8 OS=Homo sapiens OX=9606 GN=ZMYND8 PE=1 SV=2,2,1,1,1,131.6,ZMYND8,,,,,
Medium,Master Protein,O95359,Transforming acidic coiled-coil-containing protein 2 OS=Homo sapiens OX=9606 GN=TACC2 PE=1 SV=3,1,1,1,1,309.2,TACC2,,,,,
High,Master Protein,Q02543,Large ribosomal subunit protein eL20 OS=Homo sapiens OX=9606 GN=RPL18A PE=1 SV=2,7,1,1,1,20.7,RPL18A,,,,,
Medium,Master Protein,P50990,T-complex protein 1 subunit theta OS=Homo sapiens OX=9606 GN=CCT8 PE=1 SV=4,2,1,1,1,59.6,CCT8,,,,,
High,Master Protein,Q86WX3,Active regulator of SIRT1 OS=Homo sapiens OX=9606 GN=RPS19BP1 PE=1 SV=1,10,1,1,1,15.4,RPS19BP1,,,,,
High,Master Protein,Q6PJT7,Zinc finger CCCH domain-containing protein 14 OS=Homo sapiens OX=9606 GN=ZC3H14 PE=1 SV=1,1,1,1,1,82.8,ZC3H14,,,,,
High,Master Protein,P25788,Proteasome subunit alpha type-3 OS=Homo sapiens OX=9606 GN=PSMA3 PE=1 SV=2,5,1,1,1,28.4,PSMA3,,,,,
Medium,Master Protein,P26639,"Threonine--tRNA ligase 1, cytoplasmic OS=Homo sapiens OX=9606 GN=TARS1 PE=1 SV=3",2,1,1,1,83.4,TARS1,,,,,
Medium,Master Protein,Q5T0B9,Zinc finger protein 362 OS=Homo sapiens OX=9606 GN=ZNF362 PE=1 SV=1,3,1,1,1,45.8,ZNF362,,,,,
Medium,Master Protein,Q15637,Splicing factor 1 OS=Homo sapiens OX=9606 GN=SF1 PE=1 SV=4,3,1,1,1,68.3,SF1,,,,,
Medium,Master Protein,P24534,Elongation factor 1-beta OS=Homo sapiens OX=9606 GN=EEF1B2 PE=1 SV=3,4,1,1,1,24.7,EEF1B2,,,,,
Medium,Master Protein,Q8NBJ5,Procollagen galactosyltransferase 1 OS=Homo sapiens OX=9606 GN=COLGALT1 PE=1 SV=1,1,1,1,1,71.6,COLGALT1,,,,,
Medium,Master Protein,Q9HCE3,Zinc finger protein 532 OS=Homo sapiens OX=9606 GN=ZNF532 PE=1 SV=2,2,1,1,1,141.6,ZNF532,,,,,
High,Master Protein,O60437,Periplakin OS=Homo sapiens OX=9606 GN=PPL PE=1 SV=4,1,1,1,1,204.6,PPL,,,,,
Medium,Master Protein,Q13206,Probable ATP-dependent RNA helicase DDX10 OS=Homo sapiens OX=9606 GN=DDX10 PE=1 SV=2,1,1,1,1,100.8,DDX10,,,,,
Medium,Master Protein,Q86V81,THO complex subunit 4 OS=Homo sapiens OX=9606 GN=ALYREF PE=1 SV=3,8,1,1,1,26.9,ALYREF,,,,,
Medium,Master Protein,Q12788,Transducin beta-like protein 3 OS=Homo sapiens OX=9606 GN=TBL3 PE=1 SV=2,2,1,1,1,89,TBL3,,,,,
Medium,Master Protein,O00487,26S proteasome non-ATPase regulatory subunit 14 OS=Homo sapiens OX=9606 GN=PSMD14 PE=1 SV=1,4,1,1,1,34.6,PSMD14,,,,,
High,Master Protein,P41212,Transcription factor ETV6 OS=Homo sapiens OX=9606 GN=ETV6 PE=1 SV=1,4,1,1,1,53,ETV6,,,,,
Medium,Master Protein,O75494,Serine/arginine-rich splicing factor 10 OS=Homo sapiens OX=9606 GN=SRSF10 PE=1 SV=1,3,1,1,1,31.3,SRSF10,,,,,
High,Master Protein,Q8IYD1,Eukaryotic peptide chain release factor GTP-binding subunit ERF3B OS=Homo sapiens OX=9606 GN=GSPT2 PE=1 SV=2,2,1,1,1,68.8,GSPT2,,,,,
High,Master Protein,P51178,"1-phosphatidylinositol 4,5-bisphosphate phosphodiesterase delta-1 OS=Homo sapiens OX=9606 GN=PLCD1 PE=1 SV=2",1,1,1,1,85.6,PLCD1,,,,,
High,Master Protein,P0DPA2,V-set and immunoglobulin domain-containing protein 8 OS=Homo sapiens OX=9606 GN=VSIG8 PE=2 SV=1,2,1,1,1,43.9,VSIG8,,,,,
Medium,Master Protein,Q9H0D6,5'-3' exoribonuclease 2 OS=Homo sapiens OX=9606 GN=XRN2 PE=1 SV=1,1,1,1,1,108.5,XRN2,,,,,
High,Master Protein,Q6PK04,Coiled-coil domain-containing protein 137 OS=Homo sapiens OX=9606 GN=CCDC137 PE=1 SV=1,6,1,1,1,33.2,CCDC137,,,,,
Medium,Master Protein,O95372,Acyl-protein thioesterase 2 OS=Homo sapiens OX=9606 GN=LYPLA2 PE=1 SV=1,3,1,1,1,24.7,LYPLA2,,,,,
,,,,,,,,,,,,,,
,,,,,,,,,,,,,,
,,,,,,,,,,,,,,
High,Master Protein,P04264,"Keratin, type II cytoskeletal 1 OS=Homo sapiens OX=9606 GN=KRT1 PE=1 SV=6",53,49,622,41,66,KRT1,582918988.2,344190162.4,316941938.1,245176787.5,190165305.6
High,Master Protein,P13645,"Keratin, type I cytoskeletal 10 OS=Homo sapiens OX=9606 GN=KRT10 PE=1 SV=6",61,37,484,31,58.8,KRT10,206861051.5,141058872.9,209009092,209360421.9,97629481.58
High,Master Protein,P35908,"Keratin, type II cytoskeletal 2 epidermal OS=Homo sapiens OX=9606 GN=KRT2 PE=1 SV=2",69,44,424,30,65.4,KRT2,129756445.5,68915432.33,108357399.2,59846835.75,47224265.17
High,Master Protein,P35527,"Keratin, type I cytoskeletal 9 OS=Homo sapiens OX=9606 GN=KRT9 PE=1 SV=3",60,38,403,37,62,KRT9,256896114.2,140130413.4,125593174.9,99379227.68,65585222.49
High,Master Protein,P13647,"Keratin, type II cytoskeletal 5 OS=Homo sapiens OX=9606 GN=KRT5 PE=1 SV=3",58,39,272,22,62.3,KRT5,31456149.17,22969899.7,24872738.76,168214200,15294720.5
High,Master Protein,P02533,"Keratin, type I cytoskeletal 14 OS=Homo sapiens OX=9606 GN=KRT14 PE=1 SV=4",64,31,235,9,51.5,KRT14,22178116.83,12868726.15,17899066.42,19847873.67,15148328.01
High,Master Protein,P04259,"Keratin, type II cytoskeletal 6B OS=Homo sapiens OX=9606 GN=KRT6B PE=1 SV=5",53,33,228,3,60,KRT6B,748218.81,20546.59,482710.74,739822.79,952936.52
High,Master Protein,P02538,"Keratin, type II cytoskeletal 6A OS=Homo sapiens OX=9606 GN=KRT6A PE=1 SV=3",55,34,213,3,60,KRT6A,7563769.82,1218648.45,5820463.87,16260702.39,8860927.76
High,Master Protein,P78386,"Keratin, type II cuticular Hb5 OS=Homo sapiens OX=9606 GN=KRT85 PE=1 SV=1",54,37,186,11,55.8,KRT85,807711.17,384723.07,7389097.72,513655242.8,6039738.35
High,Master Protein,P08779,"Keratin, type I cytoskeletal 16 OS=Homo sapiens OX=9606 GN=KRT16 PE=1 SV=4",63,29,183,15,51.2,KRT16,3109395.1,665290.47,2960793.79,5064122.95,4941247.51
High,Master Protein,P78385,"Keratin, type II cuticular Hb3 OS=Homo sapiens OX=9606 GN=KRT83 PE=1 SV=2",47,33,164,2,54.2,KRT83,,,655681.51,11350930.06,10794.8
High,Master Protein,O43790,"Keratin, type II cuticular Hb6 OS=Homo sapiens OX=9606 GN=KRT86 PE=1 SV=1",61,36,161,5,53.5,KRT86,360279.58,50350.25,3792248.32,237983915.6,1277209.17
High,Master Protein,Q04695,"Keratin, type I cytoskeletal 17 OS=Homo sapiens OX=9606 GN=KRT17 PE=1 SV=2",46,21,118,9,48.1,KRT17,1053476.3,296931.85,719183.21,458205.88,809323.86
High,Master Protein,Q15323,"Keratin, type I cuticular Ha1 OS=Homo sapiens OX=9606 GN=KRT31 PE=1 SV=3",49,24,115,3,47.2,KRT31,649916.68,213666.73,7423453.66,694468761.3,2499360.64
High,Master Protein,O95678,"Keratin, type II cytoskeletal 75 OS=Homo sapiens OX=9606 GN=KRT75 PE=1 SV=2",20,16,104,2,59.5,KRT75,136050.2,118577.55,689877.8,59570756.19,669926.09
High,Master Protein,P05787,"Keratin, type II cytoskeletal 8 OS=Homo sapiens OX=9606 GN=KRT8 PE=1 SV=7",15,12,99,1,53.7,KRT8,,,,,
High,Master Protein,P13646,"Keratin, type I cytoskeletal 13 OS=Homo sapiens OX=9606 GN=KRT13 PE=1 SV=4",32,17,94,7,49.6,KRT13,31456.64,39212.52,2298828.63,,2823673.82
High,Master Protein,Q14525,"Keratin, type I cuticular Ha3-II OS=Homo sapiens OX=9606 GN=KRT33B PE=1 SV=3",47,21,93,4,46.2,KRT33B,95967.66,30093.75,938733.97,86716190.32,685703.77
High,Master Protein,O76009,"Keratin, type I cuticular Ha3-I OS=Homo sapiens OX=9606 GN=KRT33A PE=2 SV=2",41,20,82,1,45.9,KRT33A,,,161251.83,33109175.85,
High,Master Protein,P12035,"Keratin, type II cytoskeletal 3 OS=Homo sapiens OX=9606 GN=KRT3 PE=1 SV=3",12,12,82,1,64.4,KRT3,70691.45,34831.32,215439.72,132557.59,54046.06
High,Master Protein,Q5XKE5,"Keratin, type II cytoskeletal 79 OS=Homo sapiens OX=9606 GN=KRT79 PE=1 SV=2",15,11,76,1,57.8,KRT79,,,,163667.53,
High,Master Protein,P08729,"Keratin, type II cytoskeletal 7 OS=Homo sapiens OX=9606 GN=KRT7 PE=1 SV=5",11,8,76,2,51.4,KRT7,,,254769.25,16069346.22,
High,Master Protein,Q92764,"Keratin, type I cuticular Ha5 OS=Homo sapiens OX=9606 GN=KRT35 PE=1 SV=5",35,19,75,10,50.3,KRT35,52418.28,16243.21,68500.71,28107315.27,621755.97
High,Master Protein,Q7Z794,"Keratin, type II cytoskeletal 1b OS=Homo sapiens OX=9606 GN=KRT77 PE=1 SV=3",16,11,74,5,61.9,KRT77,685978.09,409415.66,375597,120171.7,406173.72
High,Master Protein,P08727,"Keratin, type I cytoskeletal 19 OS=Homo sapiens OX=9606 GN=KRT19 PE=1 SV=4",20,10,72,1,44.1,KRT19,94594.06,90461.68,89771.73,97631.7,52542.44
High,Master Protein,O76011,"Keratin, type I cuticular Ha4 OS=Homo sapiens OX=9606 GN=KRT34 PE=1 SV=3",42,20,69,6,44.7,KRT34,50524.07,,634856.84,1181349.05,57393.82
High,Master Protein,P19013,"Keratin, type II cytoskeletal 4 OS=Homo sapiens OX=9606 GN=KRT4 PE=1 SV=5",23,10,69,7,56.1,KRT4,56574.8,8898.36,761553.8,95151.45,448801.06
High,Master Protein,Q9NSB4,"Keratin, type II cuticular Hb2 OS=Homo sapiens OX=9606 GN=KRT82 PE=1 SV=3",11,9,58,5,56.6,KRT82,21110.23,51542.71,,126288810.9,78728.34
High,Master Protein,O76013,"Keratin, type I cuticular Ha6 OS=Homo sapiens OX=9606 GN=KRT36 PE=1 SV=1",18,12,56,6,52.2,KRT36,26640.34,29687.63,39532.35,60718439.42,291567.7
High,Master Protein,Q7RTS7,"Keratin, type II cytoskeletal 74 OS=Homo sapiens OX=9606 GN=KRT74 PE=1 SV=2",10,7,49,1,57.8,KRT74,52108.78,,,,20418.36
High,Master Protein,Q86Y46,"Keratin, type II cytoskeletal 73 OS=Homo sapiens OX=9606 GN=KRT73 PE=1 SV=1",9,7,49,1,58.9,KRT73,1736481.94,1253369.22,949963.94,1306788.7,779486.73
High,Master Protein,Q6KB66,"Keratin, type II cytoskeletal 80 OS=Homo sapiens OX=9606 GN=KRT80 PE=1 SV=2",11,5,48,4,50.5,KRT80,247249.27,107757.04,162709.46,216946.88,72026.97
High,Master Protein,Q8N1N4,"Keratin, type II cytoskeletal 78 OS=Homo sapiens OX=9606 GN=KRT78 PE=1 SV=2",28,13,46,10,56.8,KRT78,1376960.73,811291.65,881544.76,670354.13,554853.3
High,Master Protein,Q6A162,"Keratin, type I cytoskeletal 40 OS=Homo sapiens OX=9606 GN=KRT40 PE=1 SV=2",9,5,16,1,48.1,KRT40,41938.39,,,175515.61,
High,Master Protein,Q8IUC1,Keratin-associated protein 11-1 OS=Homo sapiens OX=9606 GN=KRTAP11-1 PE=1 SV=1,7,1,6,1,17.1,KRTAP11-1,8485.17,5041.3,12949.85,3940158.59,6924.35
High,Master Protein,Q5T749,Keratinocyte proline-rich protein OS=Homo sapiens OX=9606 GN=KPRP PE=1 SV=1,3,2,6,2,64.1,KPRP,361529.42,154608.83,184225.58,178145.27,152742.89
High,Master Protein,Q07627,Keratin-associated protein 1-1 OS=Homo sapiens OX=9606 GN=KRTAP1-1 PE=1 SV=1,4,1,5,1,18.2,KRTAP1-1,,,,3972301.47,124102.82
High,Master Protein,Q9BYR9,Keratin-associated protein 2-4 OS=Homo sapiens OX=9606 GN=KRTAP2-4 PE=1 SV=1,8,1,4,1,13.5,KRTAP2-4,,,35601.6,18539584.75,274690.83
High,Master Protein,Q6A163,"Keratin, type I cytoskeletal 39 OS=Homo sapiens OX=9606 GN=KRT39 PE=1 SV=2",5,3,3,2,55.6,KRT39,,,,950553.13,
