Protein FDR Confidence Combined,Master,Accession,Description,% Coverage,# Peptides,# PSMs,# Unique Peptides,MW in kDa,Gene Symbol,t=0 (Prime); WT YAP; Abundance 1218994,t=24 (NMP); WT YAP; Abundance 1218995,t=36; WT YAP; Abundance 1218996,t=48 (PSM); WT YAP; Abundance 1218997,,,,,,,,,,,,,,,,,,,,,,,,,,,,,,,,,,,,
High,Master Protein,P60709,"Actin, cytoplasmic 1 OS=Homo sapiens OX=9606 GN=ACTB PE=1 SV=1",53,15,267,6,41.7,ACTB,63033262.52,11455477.45,3624665.27,10902401.73,,,,,,,,,,,,,,,,,,,,,,,,,,,,,,,,,,,,
High,Master Protein,P46937,Transcriptional coactivator YAP1 OS=Homo sapiens OX=9606 GN=YAP1 PE=1 SV=2,47,16,216,16,54.4,YAP1,7000942.22,3410220.23,4670548.38,4448561.76,,,,,,,,,,,,,,,,,,,,,,,,,,,,,,,,,,,,
High,Master Protein,P62736,"Actin, aortic smooth muscle OS=Homo sapiens OX=9606 GN=ACTA2 PE=1 SV=1",27,9,203,1,42,ACTA2,801277.50,,,,,,,,,,,,,,,,,,,,,,,,,,,,,,,,,,,,,,,
High,Master Protein,P02768,Albumin OS=Homo sapiens OX=9606 GN=ALB PE=1 SV=2,10,7,102,7,69.3,ALB,21657121.18,1245359.17,537510.71,3717937.69,,,,,,,,,,,,,,,,,,,,,,,,,,,,,,,,,,,,
High,Master Protein,P0DOX5,Immunoglobulin gamma-1 heavy chain OS=Homo sapiens OX=9606 PE=1 SV=2,22,7,93,7,49.3,,42420116.57,17686381.14,11249928.37,28373574.34,,,,,,,,,,,,,,,,,,,,,,,,,,,,,,,,,,,,
High,Master Protein,P11142,Heat shock cognate 71 kDa protein OS=Homo sapiens OX=9606 GN=HSPA8 PE=1 SV=1,30,15,88,12,70.9,HSPA8,1583030.37,1942195.77,314665.38,1762857.04,,,,,,,,,,,,,,,,,,,,,,,,,,,,,,,,,,,,
High,Master Protein,P61978,Heterogeneous nuclear ribonucleoprotein K OS=Homo sapiens OX=9606 GN=HNRNPK PE=1 SV=1,33,13,71,13,50.9,HNRNPK,641918.00,909897.42,104161.10,2552587.55,,,,,,,,,,,,,,,,,,,,,,,,,,,,,,,,,,,,
High,Master Protein,P27816,Microtubule-associated protein 4 OS=Homo sapiens OX=9606 GN=MAP4 PE=1 SV=3,17,14,64,14,120.9,MAP4,1629399.35,1034148.85,421488.09,506888.74,,,,,,,,,,,,,,,,,,,,,,,,,,,,,,,,,,,,
High,Master Protein,P08238,Heat shock protein HSP 90-beta OS=Homo sapiens OX=9606 GN=HSP90AB1 PE=1 SV=4,18,11,57,6,83.2,HSP90AB1,216700.61,1051843.04,200825.27,1786275.98,,,,,,,,,,,,,,,,,,,,,,,,,,,,,,,,,,,,
High,Master Protein,P68104,Elongation factor 1-alpha 1 OS=Homo sapiens OX=9606 GN=EEF1A1 PE=1 SV=1,13,5,36,5,50.1,EEF1A1,1620648.14,760220.50,283036.28,2005936.02,,,,,,,,,,,,,,,,,,,,,,,,,,,,,,,,,,,,
High,Master Protein,P21333,Filamin-A OS=Homo sapiens OX=9606 GN=FLNA PE=1 SV=4,9,16,32,16,280.6,FLNA,56356.42,944596.23,8038.69,588501.83,,,,,,,,,,,,,,,,,,,,,,,,,,,,,,,,,,,,
High,Master Protein,P11021,Endoplasmic reticulum chaperone BiP OS=Homo sapiens OX=9606 GN=HSPA5 PE=1 SV=2,9,6,32,4,72.3,HSPA5,,240920.57,69730.05,44547.79,,,,,,,,,,,,,,,,,,,,,,,,,,,,,,,,,,,,
High,Master Protein,P81605,Dermcidin OS=Homo sapiens OX=9606 GN=DCD PE=1 SV=2,23,3,32,3,11.3,DCD,902463.13,1457804.39,123971.52,467261.53,,,,,,,,,,,,,,,,,,,,,,,,,,,,,,,,,,,,
High,Master Protein,P34931,Heat shock 70 kDa protein 1-like OS=Homo sapiens OX=9606 GN=HSPA1L PE=1 SV=2,8,4,32,1,70.3,HSPA1L,,,,34945.05,,,,,,,,,,,,,,,,,,,,,,,,,,,,,,,,,,,,
High,Master Protein,Q06830,Peroxiredoxin-1 OS=Homo sapiens OX=9606 GN=PRDX1 PE=1 SV=1,32,7,26,7,22.1,PRDX1,399762.38,1384149.07,,438038.34,,,,,,,,,,,,,,,,,,,,,,,,,,,,,,,,,,,,
High,Master Protein,P68363,Tubulin alpha-1B chain OS=Homo sapiens OX=9606 GN=TUBA1B PE=1 SV=1,24,7,26,7,50.1,TUBA1B,,169865.25,,1045044.66,,,,,,,,,,,,,,,,,,,,,,,,,,,,,,,,,,,,
High,Master Protein,P04406,Glyceraldehyde-3-phosphate dehydrogenase OS=Homo sapiens OX=9606 GN=GAPDH PE=1 SV=3,25,6,23,6,36,GAPDH,1410834.08,1703508.33,3408.59,1312513.46,,,,,,,,,,,,,,,,,,,,,,,,,,,,,,,,,,,,
High,Master Protein,P19338,Nucleolin OS=Homo sapiens OX=9606 GN=NCL PE=1 SV=3,10,6,22,6,76.6,NCL,51181.96,30740.40,,920364.47,,,,,,,,,,,,,,,,,,,,,,,,,,,,,,,,,,,,
High,Master Protein,P13639,Elongation factor 2 OS=Homo sapiens OX=9606 GN=EEF2 PE=1 SV=4,8,6,22,5,95.3,EEF2,158058.76,473969.41,,86882.14,,,,,,,,,,,,,,,,,,,,,,,,,,,,,,,,,,,,
High,Master Protein,P14618,Pyruvate kinase PKM OS=Homo sapiens OX=9606 GN=PKM PE=1 SV=4,24,8,19,8,57.9,PKM,,9046.14,,924367.76,,,,,,,,,,,,,,,,,,,,,,,,,,,,,,,,,,,,
High,Master Protein,P07900,Heat shock protein HSP 90-alpha OS=Homo sapiens OX=9606 GN=HSP90AA1 PE=1 SV=5,11,7,18,3,84.6,HSP90AA1,,283741.21,,112069.31,,,,,,,,,,,,,,,,,,,,,,,,,,,,,,,,,,,,
High,Master Protein,Q02413,Desmoglein-1 OS=Homo sapiens OX=9606 GN=DSG1 PE=1 SV=2,9,6,18,6,113.7,DSG1,1700615.72,,6650.45,600995.62,,,,,,,,,,,,,,,,,,,,,,,,,,,,,,,,,,,,
High,Master Protein,Q92945,Far upstream element-binding protein 2 OS=Homo sapiens OX=9606 GN=KHSRP PE=1 SV=4,13,6,18,6,73.1,KHSRP,,194910.22,91681.31,215674.34,,,,,,,,,,,,,,,,,,,,,,,,,,,,,,,,,,,,
High,Master Protein,P04279,Semenogelin-1 OS=Homo sapiens OX=9606 GN=SEMG1 PE=1 SV=2,12,4,18,3,52.1,SEMG1,,,363378.80,,,,,,,,,,,,,,,,,,,,,,,,,,,,,,,,,,,,,
High,Master Protein,O60814,Histone H2B type 1-K OS=Homo sapiens OX=9606 GN=H2BC12 PE=1 SV=3,25,3,17,3,13.9,H2BC12,3945129.50,666962.00,616165.88,1075528.45,,,,,,,,,,,,,,,,,,,,,,,,,,,,,,,,,,,,
High,Master Protein,Q08554,Desmocollin-1 OS=Homo sapiens OX=9606 GN=DSC1 PE=1 SV=2,6,4,17,4,99.9,DSC1,2381431.22,,,108401.88,,,,,,,,,,,,,,,,,,,,,,,,,,,,,,,,,,,,
High,Master Protein,Q15393,Splicing factor 3B subunit 3 OS=Homo sapiens OX=9606 GN=SF3B3 PE=1 SV=4,5,5,16,5,135.5,SF3B3,450153.98,,44175.79,200404.95,,,,,,,,,,,,,,,,,,,,,,,,,,,,,,,,,,,,
High,Master Protein,P15924,Desmoplakin OS=Homo sapiens OX=9606 GN=DSP PE=1 SV=3,3,7,16,7,331.6,DSP,525478.16,,142012.00,481675.38,,,,,,,,,,,,,,,,,,,,,,,,,,,,,,,,,,,,
High,Master Protein,P12956,X-ray repair cross-complementing protein 6 OS=Homo sapiens OX=9606 GN=XRCC6 PE=1 SV=2,17,8,16,8,69.8,XRCC6,185360.72,128119.66,29082.52,631196.46,,,,,,,,,,,,,,,,,,,,,,,,,,,,,,,,,,,,
High,Master Protein,P06748,Nucleophosmin OS=Homo sapiens OX=9606 GN=NPM1 PE=1 SV=2,19,5,16,5,32.6,NPM1,,342481.06,,1111710.00,,,,,,,,,,,,,,,,,,,,,,,,,,,,,,,,,,,,
High,Master Protein,P07437,Tubulin beta chain OS=Homo sapiens OX=9606 GN=TUBB PE=1 SV=2,16,6,16,2,49.6,TUBB,164736.66,,,156174.46,,,,,,,,,,,,,,,,,,,,,,,,,,,,,,,,,,,,
High,Master Protein,P09651,Heterogeneous nuclear ribonucleoprotein A1 OS=Homo sapiens OX=9606 GN=HNRNPA1 PE=1 SV=5,16,4,15,4,38.7,HNRNPA1,418534.68,57613.98,,530844.99,,,,,,,,,,,,,,,,,,,,,,,,,,,,,,,,,,,,
High,Master Protein,Q12906,Interleukin enhancer-binding factor 3 OS=Homo sapiens OX=9606 GN=ILF3 PE=1 SV=3,5,3,14,3,95.3,ILF3,,212091.48,68382.78,,,,,,,,,,,,,,,,,,,,,,,,,,,,,,,,,,,,,
High,Master Protein,P62979,Ubiquitin-40S ribosomal protein S27a OS=Homo sapiens OX=9606 GN=RPS27A PE=1 SV=2,24,3,14,3,18,RPS27A,1629518.30,1868217.38,624591.38,426729.14,,,,,,,,,,,,,,,,,,,,,,,,,,,,,,,,,,,,
High,Master Protein,P62805,Histone H4 OS=Homo sapiens OX=9606 GN=H4C16 PE=1 SV=2,29,3,14,3,11.4,H4C1; H4C11; H4C12; H4C13; H4C14; H4C15; H4C16; H4C2; H4C3; H4C4; H4C5; H4C6; H4C8; H4C9,2824165.69,,,212020.97,,,,,,,,,,,,,,,,,,,,,,,,,,,,,,,,,,,,
High,Master Protein,Q13885,Tubulin beta-2A chain OS=Homo sapiens OX=9606 GN=TUBB2A PE=1 SV=1,15,6,13,2,49.9,TUBB2A,,,,578329.63,,,,,,,,,,,,,,,,,,,,,,,,,,,,,,,,,,,,
High,Master Protein,P62269,40S ribosomal protein S18 OS=Homo sapiens OX=9606 GN=RPS18 PE=1 SV=3,19,3,13,3,17.7,RPS18,,510853.29,63637.79,36130.86,,,,,,,,,,,,,,,,,,,,,,,,,,,,,,,,,,,,
High,Master Protein,Q12905,Interleukin enhancer-binding factor 2 OS=Homo sapiens OX=9606 GN=ILF2 PE=1 SV=2,18,5,13,5,43,ILF2,273190.93,,,475509.27,,,,,,,,,,,,,,,,,,,,,,,,,,,,,,,,,,,,
High,Master Protein,P04075,Fructose-bisphosphate aldolase A OS=Homo sapiens OX=9606 GN=ALDOA PE=1 SV=2,12,3,12,3,39.4,ALDOA,52434.92,92727.55,,183745.72,,,,,,,,,,,,,,,,,,,,,,,,,,,,,,,,,,,,
High,Master Protein,P63104,14-3-3 protein zeta/delta OS=Homo sapiens OX=9606 GN=YWHAZ PE=1 SV=1,17,4,12,2,27.7,YWHAZ,,86896.28,8381.45,764326.82,,,,,,,,,,,,,,,,,,,,,,,,,,,,,,,,,,,,
High,Master Protein,Q86YZ3,Hornerin OS=Homo sapiens OX=9606 GN=HRNR PE=1 SV=2,4,3,12,3,282.2,HRNR,186447.27,242852.41,236955.44,684243.30,,,,,,,,,,,,,,,,,,,,,,,,,,,,,,,,,,,,
High,Master Protein,Q14240,Eukaryotic initiation factor 4A-II OS=Homo sapiens OX=9606 GN=EIF4A2 PE=1 SV=2,8,3,12,3,46.4,EIF4A2,8193.34,173160.16,,361511.75,,,,,,,,,,,,,,,,,,,,,,,,,,,,,,,,,,,,
High,Master Protein,P06733,Alpha-enolase OS=Homo sapiens OX=9606 GN=ENO1 PE=1 SV=2,26,8,12,8,47.1,ENO1,,382743.30,,408830.61,,,,,,,,,,,,,,,,,,,,,,,,,,,,,,,,,,,,
High,Master Protein,Q13813,"Spectrin alpha chain, non-erythrocytic 1 OS=Homo sapiens OX=9606 GN=SPTAN1 PE=1 SV=3",6,11,11,11,284.4,SPTAN1,1064015.12,,,,,,,,,,,,,,,,,,,,,,,,,,,,,,,,,,,,,,,
High,Master Protein,Q15562,Transcriptional enhancer factor TEF-4 OS=Homo sapiens OX=9606 GN=TEAD2 PE=1 SV=2,3,2,11,1,49.2,TEAD2,193328.95,,,214651.41,,,,,,,,,,,,,,,,,,,,,,,,,,,,,,,,,,,,
High,Master Protein,P04908,Histone H2A type 1-B/E OS=Homo sapiens OX=9606 GN=H2AC8 PE=1 SV=2,44,3,10,3,14.1,H2AC4; H2AC8,1750684.94,,242325.03,190892.14,,,,,,,,,,,,,,,,,,,,,,,,,,,,,,,,,,,,
High,Master Protein,P08670,Vimentin OS=Homo sapiens OX=9606 GN=VIM PE=1 SV=4,5,3,10,2,53.6,VIM,,,,164531.60,,,,,,,,,,,,,,,,,,,,,,,,,,,,,,,,,,,,
High,Master Protein,Q92841,Probable ATP-dependent RNA helicase DDX17 OS=Homo sapiens OX=9606 GN=DDX17 PE=1 SV=2,4,3,10,1,80.2,DDX17,339903.59,,,280120.20,,,,,,,,,,,,,,,,,,,,,,,,,,,,,,,,,,,,
High,Master Protein,P14625,Endoplasmin OS=Homo sapiens OX=9606 GN=HSP90B1 PE=1 SV=1,3,2,9,1,92.4,HSP90B1,,,,78438.86,,,,,,,,,,,,,,,,,,,,,,,,,,,,,,,,,,,,
High,Master Protein,P09874,Poly [ADP-ribose] polymerase 1 OS=Homo sapiens OX=9606 GN=PARP1 PE=1 SV=4,5,4,9,4,113,PARP1,,51615.01,,258057.42,,,,,,,,,,,,,,,,,,,,,,,,,,,,,,,,,,,,
High,Master Protein,P17844,Probable ATP-dependent RNA helicase DDX5 OS=Homo sapiens OX=9606 GN=DDX5 PE=1 SV=1,5,3,9,1,69.1,DDX5,74679.94,,,,,,,,,,,,,,,,,,,,,,,,,,,,,,,,,,,,,,,
High,Master Protein,Q13838,Spliceosome RNA helicase DDX39B OS=Homo sapiens OX=9606 GN=DDX39B PE=1 SV=1,8,3,9,3,49,DDX39B,154031.91,,,372179.23,,,,,,,,,,,,,,,,,,,,,,,,,,,,,,,,,,,,
High,Master Protein,Q02383,Semenogelin-2 OS=Homo sapiens OX=9606 GN=SEMG2 PE=1 SV=1,11,4,8,3,65.4,SEMG2,,,2066766.94,,,,,,,,,,,,,,,,,,,,,,,,,,,,,,,,,,,,,
High,Master Protein,P07910,Heterogeneous nuclear ribonucleoproteins C1/C2 OS=Homo sapiens OX=9606 GN=HNRNPC PE=1 SV=4,12,3,8,3,33.7,HNRNPC,932984.63,58801.88,,233476.92,,,,,,,,,,,,,,,,,,,,,,,,,,,,,,,,,,,,
High,Master Protein,Q15517,Corneodesmosin OS=Homo sapiens OX=9606 GN=CDSN PE=1 SV=3,7,3,8,3,51.5,,332212.41,,,82790.37,,,,,,,,,,,,,,,,,,,,,,,,,,,,,,,,,,,,
High,Master Protein,Q15029,116 kDa U5 small nuclear ribonucleoprotein component OS=Homo sapiens OX=9606 GN=EFTUD2 PE=1 SV=1,2,2,8,1,109.4,EFTUD2,,,,45171.62,,,,,,,,,,,,,,,,,,,,,,,,,,,,,,,,,,,,
High,Master Protein,P08865,40S ribosomal protein SA OS=Homo sapiens OX=9606 GN=RPSA PE=1 SV=4,8,2,7,2,32.8,RPSA,,,,336497.59,,,,,,,,,,,,,,,,,,,,,,,,,,,,,,,,,,,,
High,Master Protein,P55072,Transitional endoplasmic reticulum ATPase OS=Homo sapiens OX=9606 GN=VCP PE=1 SV=4,7,5,7,5,89.3,VCP,41540.05,,,394973.19,,,,,,,,,,,,,,,,,,,,,,,,,,,,,,,,,,,,
High,Master Protein,Q14103,Heterogeneous nuclear ribonucleoprotein D0 OS=Homo sapiens OX=9606 GN=HNRNPD PE=1 SV=1,6,2,7,2,38.4,HNRNPD,,93546.84,,373154.78,,,,,,,,,,,,,,,,,,,,,,,,,,,,,,,,,,,,
High,Master Protein,Q08188,Protein-glutamine gamma-glutamyltransferase E OS=Homo sapiens OX=9606 GN=TGM3 PE=1 SV=4,6,3,6,3,76.6,TGM3,244641.39,,,210608.04,,,,,,,,,,,,,,,,,,,,,,,,,,,,,,,,,,,,
High,Master Protein,Q00839,Heterogeneous nuclear ribonucleoprotein U OS=Homo sapiens OX=9606 GN=HNRNPU PE=1 SV=6,5,3,6,3,90.5,HNRNPU,19035.46,,,295860.46,,,,,,,,,,,,,,,,,,,,,,,,,,,,,,,,,,,,
High,Master Protein,P14923,Junction plakoglobin OS=Homo sapiens OX=9606 GN=JUP PE=1 SV=3,6,3,6,3,81.7,JUP,177680.38,,,145964.31,,,,,,,,,,,,,,,,,,,,,,,,,,,,,,,,,,,,
High,Master Protein,P13010,X-ray repair cross-complementing protein 5 OS=Homo sapiens OX=9606 GN=XRCC5 PE=1 SV=3,6,3,5,3,82.7,XRCC5,,,,724771.87,,,,,,,,,,,,,,,,,,,,,,,,,,,,,,,,,,,,
High,Master Protein,P12273,Prolactin-inducible protein OS=Homo sapiens OX=9606 GN=PIP PE=1 SV=1,18,2,5,2,16.6,PIP,392676.44,,,50907.36,,,,,,,,,,,,,,,,,,,,,,,,,,,,,,,,,,,,
High,Master Protein,P61981,14-3-3 protein gamma OS=Homo sapiens OX=9606 GN=YWHAG PE=1 SV=2,12,3,5,1,28.3,YWHAG,37656.16,47247.18,29221.82,,,,,,,,,,,,,,,,,,,,,,,,,,,,,,,,,,,,,
High,Master Protein,P07737,Profilin-1 OS=Homo sapiens OX=9606 GN=PFN1 PE=1 SV=2,21,2,5,2,15,PFN1,,,,36539.88,,,,,,,,,,,,,,,,,,,,,,,,,,,,,,,,,,,,
High,Master Protein,P00338,L-lactate dehydrogenase A chain OS=Homo sapiens OX=9606 GN=LDHA PE=1 SV=2,7,2,5,2,36.7,LDHA,,,110523.45,,,,,,,,,,,,,,,,,,,,,,,,,,,,,,,,,,,,,
High,Master Protein,P26368,Splicing factor U2AF 65 kDa subunit OS=Homo sapiens OX=9606 GN=U2AF2 PE=1 SV=4,6,2,5,2,53.5,U2AF2,,,,42029.81,,,,,,,,,,,,,,,,,,,,,,,,,,,,,,,,,,,,
High,Master Protein,P10809,"60 kDa heat shock protein, mitochondrial OS=Homo sapiens OX=9606 GN=HSPD1 PE=1 SV=2",8,3,5,3,61,HSPD1,,181171.67,,,,,,,,,,,,,,,,,,,,,,,,,,,,,,,,,,,,,,
High,Master Protein,P78527,DNA-dependent protein kinase catalytic subunit OS=Homo sapiens OX=9606 GN=PRKDC PE=1 SV=3,1,4,5,4,468.8,PRKDC,,,,163372.15,,,,,,,,,,,,,,,,,,,,,,,,,,,,,,,,,,,,
High,Master Protein,A6NMY6,Putative annexin A2-like protein OS=Homo sapiens OX=9606 GN=ANXA2P2 PE=5 SV=2,6,2,4,2,38.6,ANXA2P2,10113.57,72599.64,192031.27,,,,,,,,,,,,,,,,,,,,,,,,,,,,,,,,,,,,,
High,Master Protein,P05109,Protein S100-A8 OS=Homo sapiens OX=9606 GN=S100A8 PE=1 SV=1,24,2,4,2,10.8,S100A8,780867.46,,,,,,,,,,,,,,,,,,,,,,,,,,,,,,,,,,,,,,,
High,Master Protein,Q15366,Poly(rC)-binding protein 2 OS=Homo sapiens OX=9606 GN=PCBP2 PE=1 SV=1,10,3,4,2,38.6,PCBP2,,91643.08,,144416.00,,,,,,,,,,,,,,,,,,,,,,,,,,,,,,,,,,,,
High,Master Protein,Q9P258,Protein RCC2 OS=Homo sapiens OX=9606 GN=RCC2 PE=1 SV=2,5,3,4,3,56,RCC2,,,,95953.36,,,,,,,,,,,,,,,,,,,,,,,,,,,,,,,,,,,,
High,Master Protein,P63244,Receptor of activated protein C kinase 1 OS=Homo sapiens OX=9606 GN=RACK1 PE=1 SV=3,7,2,4,2,35.1,RACK1,,68895.86,,48943.24,,,,,,,,,,,,,,,,,,,,,,,,,,,,,,,,,,,,
High,Master Protein,P01834,Immunoglobulin kappa constant OS=Homo sapiens OX=9606 GN=IGKC PE=1 SV=2,33,2,3,2,11.8,IGKC,,,,40970.86,,,,,,,,,,,,,,,,,,,,,,,,,,,,,,,,,,,,
High,Master Protein,O43390,Heterogeneous nuclear ribonucleoprotein R OS=Homo sapiens OX=9606 GN=HNRNPR PE=1 SV=1,3,2,3,2,70.9,HNRNPR,,53298.55,60723.67,152879.56,,,,,,,,,,,,,,,,,,,,,,,,,,,,,,,,,,,,
High,Master Protein,P50990,T-complex protein 1 subunit theta OS=Homo sapiens OX=9606 GN=CCT8 PE=1 SV=4,8,3,3,3,59.6,CCT8,,54903.66,,86833.59,,,,,,,,,,,,,,,,,,,,,,,,,,,,,,,,,,,,
High,Master Protein,Q08945,FACT complex subunit SSRP1 OS=Homo sapiens OX=9606 GN=SSRP1 PE=1 SV=1,4,2,3,2,81,SSRP1,,,,30373.58,,,,,,,,,,,,,,,,,,,,,,,,,,,,,,,,,,,,
High,Master Protein,Q96P63,Serpin B12 OS=Homo sapiens OX=9606 GN=SERPINB12 PE=1 SV=1,6,2,3,2,46.2,SERPINB12,286764.72,,,,,,,,,,,,,,,,,,,,,,,,,,,,,,,,,,,,,,,
High,Master Protein,P05089,Arginase-1 OS=Homo sapiens OX=9606 GN=ARG1 PE=1 SV=2,6,2,3,2,34.7,ARG1,166895.66,85034.10,53986.84,234033.80,,,,,,,,,,,,,,,,,,,,,,,,,,,,,,,,,,,,
High,Master Protein,Q09028,Histone-binding protein RBBP4 OS=Homo sapiens OX=9606 GN=RBBP4 PE=1 SV=3,5,2,3,2,47.6,RBBP4,,,,142381.00,,,,,,,,,,,,,,,,,,,,,,,,,,,,,,,,,,,,
High,Master Protein,P49368,T-complex protein 1 subunit gamma OS=Homo sapiens OX=9606 GN=CCT3 PE=1 SV=4,7,2,3,2,60.5,CCT3,,68314.97,,198917.91,,,,,,,,,,,,,,,,,,,,,,,,,,,,,,,,,,,,
High,Master Protein,Q08211,ATP-dependent RNA helicase A OS=Homo sapiens OX=9606 GN=DHX9 PE=1 SV=4,3,3,3,3,140.9,DHX9,,33101.61,,,,,,,,,,,,,,,,,,,,,,,,,,,,,,,,,,,,,,
High,Master Protein,P49327,Fatty acid synthase OS=Homo sapiens OX=9606 GN=FASN PE=1 SV=3,1,2,2,2,273.3,FASN,,,,82631.77,,,,,,,,,,,,,,,,,,,,,,,,,,,,,,,,,,,,
High,Master Protein,P51659,Peroxisomal multifunctional enzyme type 2 OS=Homo sapiens OX=9606 GN=HSD17B4 PE=1 SV=3,5,2,2,2,79.6,HSD17B4,,,,89548.02,,,,,,,,,,,,,,,,,,,,,,,,,,,,,,,,,,,,
High,Master Protein,P31943,Heterogeneous nuclear ribonucleoprotein H OS=Homo sapiens OX=9606 GN=HNRNPH1 PE=1 SV=4,7,2,2,2,49.2,HNRNPH1,,,,178694.79,,,,,,,,,,,,,,,,,,,,,,,,,,,,,,,,,,,,
High,Master Protein,Q58FF6,Putative heat shock protein HSP 90-beta 4 OS=Homo sapiens OX=9606 GN=HSP90AB4P PE=5 SV=1,6,2,2,1,58.2,HSP90AB4P,,,,41671.58,,,,,,,,,,,,,,,,,,,,,,,,,,,,,,,,,,,,
High,Master Protein,Q15365,Poly(rC)-binding protein 1 OS=Homo sapiens OX=9606 GN=PCBP1 PE=1 SV=2,7,2,2,1,37.5,PCBP1,,,,81006.20,,,,,,,,,,,,,,,,,,,,,,,,,,,,,,,,,,,,
High,Master Protein,Q13867,Bleomycin hydrolase OS=Homo sapiens OX=9606 GN=BLMH PE=1 SV=1,5,2,2,2,52.5,BLMH,3200359.00,,,120597.09,,,,,,,,,,,,,,,,,,,,,,,,,,,,,,,,,,,,
High,Master Protein,Q9UHX1,Poly(U)-binding-splicing factor PUF60 OS=Homo sapiens OX=9606 GN=PUF60 PE=1 SV=1,6,2,2,2,59.8,PUF60,,,,47422.97,,,,,,,,,,,,,,,,,,,,,,,,,,,,,,,,,,,,
,,,,,,,,,,,,,,,,,,,,,,,,,,,,,,,,,,,,,,,,,,,,,,,,,
,,,,,,,,,,,,,,,,,,,,,,,,,,,,,,,,,,,,,,,,,,,,,,,,,
,,,,,,,,,,,,,,,,,,,,,,,,,,,,,,,,,,,,,,,,,,,,,,,,,
High,Master Protein,A0A087WW87,Immunoglobulin kappa variable 2-40 OS=Homo sapiens OX=9606 GN=IGKV2-40 PE=3 SV=2,11,1,19,1,13.3,IGKV2-40,1038411.82,1567544.76,,180783.00,,,,,,,,,,,,,,,,,,,,,,,,,,,,,,,,,,,,
High,Master Protein,P01040,Cystatin-A OS=Homo sapiens OX=9606 GN=CSTA PE=1 SV=1,12,1,8,1,11,CSTA,74497.91,89308.66,38619.64,,,,,,,,,,,,,,,,,,,,,,,,,,,,,,,,,,,,,
High,Master Protein,Q16643,Drebrin OS=Homo sapiens OX=9606 GN=DBN1 PE=1 SV=4,3,1,7,1,71.4,DBN1,121326.67,,,,,,,,,,,,,,,,,,,,,,,,,,,,,,,,,,,,,,,
Medium,Master Protein,Q9NZT1,Calmodulin-like protein 5 OS=Homo sapiens OX=9606 GN=CALML5 PE=1 SV=2,5,1,6,1,15.9,CALML5,40624.88,78981.64,138681.66,,,,,,,,,,,,,,,,,,,,,,,,,,,,,,,,,,,,,
High,Master Protein,Q5T750,Skin-specific protein 32 OS=Homo sapiens OX=9606 GN=XP32 PE=1 SV=1,3,1,6,1,26.2,KPLCE,556395.31,,,221175.81,,,,,,,,,,,,,,,,,,,,,,,,,,,,,,,,,,,,
High,Master Protein,Q9UQ80,Proliferation-associated protein 2G4 OS=Homo sapiens OX=9606 GN=PA2G4 PE=1 SV=3,3,1,4,1,43.8,PA2G4,,199296.39,,,,,,,,,,,,,,,,,,,,,,,,,,,,,,,,,,,,,,
High,Master Protein,P23526,Adenosylhomocysteinase OS=Homo sapiens OX=9606 GN=AHCY PE=1 SV=4,3,1,4,1,47.7,AHCY,,66248.23,71336.42,,,,,,,,,,,,,,,,,,,,,,,,,,,,,,,,,,,,,
High,Master Protein,Q96AE4,Far upstream element-binding protein 1 OS=Homo sapiens OX=9606 GN=FUBP1 PE=1 SV=3,2,1,3,1,67.5,FUBP1,,,,80188.57,,,,,,,,,,,,,,,,,,,,,,,,,,,,,,,,,,,,
High,Master Protein,P25311,Zinc-alpha-2-glycoprotein OS=Homo sapiens OX=9606 GN=AZGP1 PE=1 SV=2,3,1,3,1,34.2,AZGP1,20808.83,86965.73,,5416.01,,,,,,,,,,,,,,,,,,,,,,,,,,,,,,,,,,,,
High,Master Protein,P30101,Protein disulfide-isomerase A3 OS=Homo sapiens OX=9606 GN=PDIA3 PE=1 SV=4,2,1,3,1,56.7,PDIA3,95376.83,175809.27,,,,,,,,,,,,,,,,,,,,,,,,,,,,,,,,,,,,,,
High,Master Protein,P62937,Peptidyl-prolyl cis-trans isomerase A OS=Homo sapiens OX=9606 GN=PPIA PE=1 SV=2,6,1,3,1,18,PPIA,,66310.15,,,,,,,,,,,,,,,,,,,,,,,,,,,,,,,,,,,,,,
High,Master Protein,P11940,Polyadenylate-binding protein 1 OS=Homo sapiens OX=9606 GN=PABPC1 PE=1 SV=2,2,1,3,1,70.6,PABPC1,,,,55625.70,,,,,,,,,,,,,,,,,,,,,,,,,,,,,,,,,,,,
High,Master Protein,P07339,Cathepsin D OS=Homo sapiens OX=9606 GN=CTSD PE=1 SV=1,4,1,3,1,44.5,CTSD,,56754.46,,,,,,,,,,,,,,,,,,,,,,,,,,,,,,,,,,,,,,
High,Master Protein,P31025,Lipocalin-1 OS=Homo sapiens OX=9606 GN=LCN1 PE=1 SV=1,6,1,2,1,19.2,LCN1,248268.03,,,18922.51,,,,,,,,,,,,,,,,,,,,,,,,,,,,,,,,,,,,
High,Master Protein,Q8NC74,RBBP8 N-terminal-like protein OS=Homo sapiens OX=9606 GN=RBBP8NL PE=1 SV=3,3,1,2,1,71.4,RBBP8NL,,,,386361.38,,,,,,,,,,,,,,,,,,,,,,,,,,,,,,,,,,,,
High,Master Protein,P50991,T-complex protein 1 subunit delta OS=Homo sapiens OX=9606 GN=CCT4 PE=1 SV=4,3,1,2,1,57.9,CCT4,,,,68572.34,,,,,,,,,,,,,,,,,,,,,,,,,,,,,,,,,,,,
High,Master Protein,P25205,DNA replication licensing factor MCM3 OS=Homo sapiens OX=9606 GN=MCM3 PE=1 SV=3,2,1,2,1,90.9,MCM3,,,,27586.45,,,,,,,,,,,,,,,,,,,,,,,,,,,,,,,,,,,,
High,Master Protein,O75533,Splicing factor 3B subunit 1 OS=Homo sapiens OX=9606 GN=SF3B1 PE=1 SV=3,1,1,2,1,145.7,SF3B1,,,,68006.55,,,,,,,,,,,,,,,,,,,,,,,,,,,,,,,,,,,,
High,Master Protein,Q13263,Transcription intermediary factor 1-beta OS=Homo sapiens OX=9606 GN=TRIM28 PE=1 SV=5,2,1,2,1,88.5,TRIM28,,,,52929.88,,,,,,,,,,,,,,,,,,,,,,,,,,,,,,,,,,,,
Medium,Master Protein,P15311,Ezrin OS=Homo sapiens OX=9606 GN=EZR PE=1 SV=4,1,1,2,1,69.4,EZR,,143514.11,,,,,,,,,,,,,,,,,,,,,,,,,,,,,,,,,,,,,,
High,Master Protein,P06702,Protein S100-A9 OS=Homo sapiens OX=9606 GN=S100A9 PE=1 SV=1,11,1,2,1,13.2,S100A9,524288.38,,,100330.98,,,,,,,,,,,,,,,,,,,,,,,,,,,,,,,,,,,,
High,Master Protein,P43243,Matrin-3 OS=Homo sapiens OX=9606 GN=MATR3 PE=1 SV=2,1,1,2,1,94.6,MATR3,10691.93,93172.13,,,,,,,,,,,,,,,,,,,,,,,,,,,,,,,,,,,,,,
High,Master Protein,P62263,40S ribosomal protein S14 OS=Homo sapiens OX=9606 GN=RPS14 PE=1 SV=3,7,1,2,1,16.3,RPS14,,100477.42,,,,,,,,,,,,,,,,,,,,,,,,,,,,,,,,,,,,,,
High,Master Protein,P60660,Myosin light polypeptide 6 OS=Homo sapiens OX=9606 GN=MYL6 PE=1 SV=2,6,1,2,1,16.9,MYL6,258245.97,,,56896.29,,,,,,,,,,,,,,,,,,,,,,,,,,,,,,,,,,,,
High,Master Protein,Q01469,Fatty acid-binding protein 5 OS=Homo sapiens OX=9606 GN=FABP5 PE=1 SV=3,7,1,2,1,15.2,FABP5,218973.80,15583.05,10324.41,18257.39,,,,,,,,,,,,,,,,,,,,,,,,,,,,,,,,,,,,
Medium,Master Protein,Q9H9Z2,Protein lin-28 homolog A OS=Homo sapiens OX=9606 GN=LIN28A PE=1 SV=1,7,1,2,1,22.7,LIN28A,,32743.35,,,,,,,,,,,,,,,,,,,,,,,,,,,,,,,,,,,,,,
High,Master Protein,Q9NZI8,Insulin-like growth factor 2 mRNA-binding protein 1 OS=Homo sapiens OX=9606 GN=IGF2BP1 PE=1 SV=2,2,1,1,1,63.4,IGF2BP1,,,,152374.17,,,,,,,,,,,,,,,,,,,,,,,,,,,,,,,,,,,,
High,Master Protein,P51991,Heterogeneous nuclear ribonucleoprotein A3 OS=Homo sapiens OX=9606 GN=HNRNPA3 PE=1 SV=2,3,1,1,1,39.6,HNRNPA3,,79768.36,,,,,,,,,,,,,,,,,,,,,,,,,,,,,,,,,,,,,,
Medium,Master Protein,P04141,Granulocyte-macrophage colony-stimulating factor OS=Homo sapiens OX=9606 GN=CSF2 PE=1 SV=1,15,1,1,1,16.3,CSF2,1795941.63,,,371742.09,,,,,,,,,,,,,,,,,,,,,,,,,,,,,,,,,,,,
Medium,Master Protein,P62318,Small nuclear ribonucleoprotein Sm D3 OS=Homo sapiens OX=9606 GN=SNRPD3 PE=1 SV=1,8,1,1,1,13.9,SNRPD3,42625.55,,,62158.02,,,,,,,,,,,,,,,,,,,,,,,,,,,,,,,,,,,,
High,Master Protein,P33992,DNA replication licensing factor MCM5 OS=Homo sapiens OX=9606 GN=MCM5 PE=1 SV=5,2,1,1,1,82.2,MCM5,,,,61644.90,,,,,,,,,,,,,,,,,,,,,,,,,,,,,,,,,,,,
High,Master Protein,P16401,Histone H1.5 OS=Homo sapiens OX=9606 GN=H1-5 PE=1 SV=3,5,1,1,1,22.6,H1-5,229384.42,,,5891.02,,,,,,,,,,,,,,,,,,,,,,,,,,,,,,,,,,,,
Medium,Master Protein,Q8WXF1,Paraspeckle component 1 OS=Homo sapiens OX=9606 GN=PSPC1 PE=1 SV=1,2,1,1,1,58.7,PSPC1,,,,27745.56,,,,,,,,,,,,,,,,,,,,,,,,,,,,,,,,,,,,
Medium,Master Protein,Q14697,Neutral alpha-glucosidase AB OS=Homo sapiens OX=9606 GN=GANAB PE=1 SV=3,2,1,1,1,106.8,GANAB,,,,46897.18,,,,,,,,,,,,,,,,,,,,,,,,,,,,,,,,,,,,
Medium,Master Protein,O75475,PC4 and SFRS1-interacting protein OS=Homo sapiens OX=9606 GN=PSIP1 PE=1 SV=1,2,1,1,1,60.1,PSIP1,,172243.02,,,,,,,,,,,,,,,,,,,,,,,,,,,,,,,,,,,,,,
Medium,Master Protein,Q14204,Cytoplasmic dynein 1 heavy chain 1 OS=Homo sapiens OX=9606 GN=DYNC1H1 PE=1 SV=5,0,1,1,1,532.1,DYNC1H1,,,,26655.37,,,,,,,,,,,,,,,,,,,,,,,,,,,,,,,,,,,,
High,Master Protein,Q9UMS4,Pre-mRNA-processing factor 19 OS=Homo sapiens OX=9606 GN=PRPF19 PE=1 SV=1,2,1,1,1,55.1,PRPF19,181199.06,,,,,,,,,,,,,,,,,,,,,,,,,,,,,,,,,,,,,,,
High,Master Protein,P33991,DNA replication licensing factor MCM4 OS=Homo sapiens OX=9606 GN=MCM4 PE=1 SV=5,2,1,1,1,96.5,MCM4,,,,32650.67,,,,,,,,,,,,,,,,,,,,,,,,,,,,,,,,,,,,
Medium,Master Protein,Q12874,Splicing factor 3A subunit 3 OS=Homo sapiens OX=9606 GN=SF3A3 PE=1 SV=1,2,1,1,1,58.8,SF3A3,,,,20226.36,,,,,,,,,,,,,,,,,,,,,,,,,,,,,,,,,,,,
Medium,Master Protein,P05198,Eukaryotic translation initiation factor 2 subunit 1 OS=Homo sapiens OX=9606 GN=EIF2S1 PE=1 SV=3,4,1,1,1,36.1,EIF2S1,,86127.67,,,,,,,,,,,,,,,,,,,,,,,,,,,,,,,,,,,,,,
High,Master Protein,P23246,"Splicing factor, proline- and glutamine-rich OS=Homo sapiens OX=9606 GN=SFPQ PE=1 SV=2",2,1,1,1,76.1,SFPQ,,,,75060.03,,,,,,,,,,,,,,,,,,,,,,,,,,,,,,,,,,,,
High,Master Protein,Q9UKX2,Myosin-2 OS=Homo sapiens OX=9606 GN=MYH2 PE=1 SV=1,1,1,1,1,222.9,MYH2,,,144902.33,46321.76,,,,,,,,,,,,,,,,,,,,,,,,,,,,,,,,,,,,
High,Master Protein,O43707,Alpha-actinin-4 OS=Homo sapiens OX=9606 GN=ACTN4 PE=1 SV=2,1,1,1,1,104.8,ACTN4,240217.25,,,,,,,,,,,,,,,,,,,,,,,,,,,,,,,,,,,,,,,
High,Master Protein,Q00610,Clathrin heavy chain 1 OS=Homo sapiens OX=9606 GN=CLTC PE=1 SV=5,1,1,1,1,191.5,CLTC,,,,54922.10,,,,,,,,,,,,,,,,,,,,,,,,,,,,,,,,,,,,
High,Master Protein,O95777,U6 snRNA-associated Sm-like protein LSm8 OS=Homo sapiens OX=9606 GN=LSM8 PE=1 SV=3,10,1,1,1,10.4,LSM8,,43586.23,,,,,,,,,,,,,,,,,,,,,,,,,,,,,,,,,,,,,,
High,Master Protein,O75223,Gamma-glutamylcyclotransferase OS=Homo sapiens OX=9606 GN=GGCT PE=1 SV=1,5,1,1,1,21,GGCT,139541.97,,,,,,,,,,,,,,,,,,,,,,,,,,,,,,,,,,,,,,,
,,,,,,,,,,,,,,,,,,,,,,,,,,,,,,,,,,,,,,,,,,,,,,,,,
,,,,,,,,,,,,,,,,,,,,,,,,,,,,,,,,,,,,,,,,,,,,,,,,,
,,,,,,,,,,,,,,,,,,,,,,,,,,,,,,,,,,,,,,,,,,,,,,,,,
High,Master Protein,P0CG39,POTE ankyrin domain family member J OS=Homo sapiens OX=9606 GN=POTEJ PE=3 SV=1,4,3,36,1,117.3,POTEJ,,,,,,,,,,,,,,,,,,,,,,,,,,,,,,,,,,,,,,,,
High,Master Protein,Q15561,Transcriptional enhancer factor TEF-3 OS=Homo sapiens OX=9606 GN=TEAD4 PE=1 SV=3,4,2,10,1,48.3,TEAD4,,,,,,,,,,,,,,,,,,,,,,,,,,,,,,,,,,,,,,,,
High,Master Protein,P05090,Apolipoprotein D OS=Homo sapiens OX=9606 GN=APOD PE=1 SV=1,7,1,5,1,21.3,APOD,,,,,,,,,,,,,,,,,,,,,,,,,,,,,,,,,,,,,,,,
High,Master Protein,P62258,14-3-3 protein epsilon OS=Homo sapiens OX=9606 GN=YWHAE PE=1 SV=1,11,3,5,1,29.2,YWHAE,,,,,,,,,,,,,,,,,,,,,,,,,,,,,,,,,,,,,,,,
High,Master Protein,Q01082,"Spectrin beta chain, non-erythrocytic 1 OS=Homo sapiens OX=9606 GN=SPTBN1 PE=1 SV=2",2,3,4,3,274.4,SPTBN1,,,,,,,,,,,,,,,,,,,,,,,,,,,,,,,,,,,,,,,,
High,Master Protein,P26641,Elongation factor 1-gamma OS=Homo sapiens OX=9606 GN=EEF1G PE=1 SV=3,6,2,2,2,50.1,EEF1G,,,,,,,,,,,,,,,,,,,,,,,,,,,,,,,,,,,,,,,,
High,Master Protein,P31944,Caspase-14 OS=Homo sapiens OX=9606 GN=CASP14 PE=1 SV=2,8,2,2,2,27.7,CASP14,,,,,,,,,,,,,,,,,,,,,,,,,,,,,,,,,,,,,,,,
High,Master Protein,A8MUA0,Putative UPF0607 protein ENSP00000381514 OS=Homo sapiens OX=9606 PE=3 SV=1,4,1,2,1,37.8,,,,,,,,,,,,,,,,,,,,,,,,,,,,,,,,,,,,,,,,,
High,Master Protein,P22626,Heterogeneous nuclear ribonucleoproteins A2/B1 OS=Homo sapiens OX=9606 GN=HNRNPA2B1 PE=1 SV=2,6,2,2,2,37.4,HNRNPA2B1,,,,,,,,,,,,,,,,,,,,,,,,,,,,,,,,,,,,,,,,
High,Master Protein,Q86U42,Polyadenylate-binding protein 2 OS=Homo sapiens OX=9606 GN=PABPN1 PE=1 SV=3,4,1,2,1,32.7,PABPN1,,,,,,,,,,,,,,,,,,,,,,,,,,,,,,,,,,,,,,,,
Medium,Master Protein,Q96KB5,Lymphokine-activated killer T-cell-originated protein kinase OS=Homo sapiens OX=9606 GN=PBK PE=1 SV=3,4,1,1,1,36.1,PBK,,,,,,,,,,,,,,,,,,,,,,,,,,,,,,,,,,,,,,,,
Medium,Master Protein,O15347,High mobility group protein B3 OS=Homo sapiens OX=9606 GN=HMGB3 PE=1 SV=4,7,1,1,1,23,HMGB3,,,,,,,,,,,,,,,,,,,,,,,,,,,,,,,,,,,,,,,,
Medium,Master Protein,Q8NHU2,Cilia- and flagella-associated protein 61 OS=Homo sapiens OX=9606 GN=CFAP61 PE=2 SV=3,1,1,1,1,141.3,CFAP61,,,,,,,,,,,,,,,,,,,,,,,,,,,,,,,,,,,,,,,,
High,Master Protein,Q86XP3,ATP-dependent RNA helicase DDX42 OS=Homo sapiens OX=9606 GN=DDX42 PE=1 SV=1,3,1,1,1,102.9,DDX42,,,,,,,,,,,,,,,,,,,,,,,,,,,,,,,,,,,,,,,,
High,Master Protein,P29401,Transketolase OS=Homo sapiens OX=9606 GN=TKT PE=1 SV=3,3,1,1,1,67.8,TKT,,,,,,,,,,,,,,,,,,,,,,,,,,,,,,,,,,,,,,,,
High,Master Protein,Q5D862,Filaggrin-2 OS=Homo sapiens OX=9606 GN=FLG2 PE=1 SV=1,1,1,1,1,247.9,FLG2,,,,,,,,,,,,,,,,,,,,,,,,,,,,,,,,,,,,,,,,
High,Master Protein,P35637,RNA-binding protein FUS OS=Homo sapiens OX=9606 GN=FUS PE=1 SV=1,3,1,1,1,53.4,FUS,,,,,,,,,,,,,,,,,,,,,,,,,,,,,,,,,,,,,,,,
Medium,Master Protein,P62266,40S ribosomal protein S23 OS=Homo sapiens OX=9606 GN=RPS23 PE=1 SV=3,8,1,1,1,15.8,RPS23,,,,,,,,,,,,,,,,,,,,,,,,,,,,,,,,,,,,,,,,
High,Master Protein,P78347,General transcription factor II-I OS=Homo sapiens OX=9606 GN=GTF2I PE=1 SV=2,1,1,1,1,112.3,GTF2I,,,,,,,,,,,,,,,,,,,,,,,,,,,,,,,,,,,,,,,,
High,Master Protein,P14866,Heterogeneous nuclear ribonucleoprotein L OS=Homo sapiens OX=9606 GN=HNRNPL PE=1 SV=2,3,1,1,1,64.1,HNRNPL,,,,,,,,,,,,,,,,,,,,,,,,,,,,,,,,,,,,,,,,
High,Master Protein,P60174,Triosephosphate isomerase OS=Homo sapiens OX=9606 GN=TPI1 PE=1 SV=4,5,1,1,1,26.7,TPI1,,,,,,,,,,,,,,,,,,,,,,,,,,,,,,,,,,,,,,,,
High,Master Protein,P35579,Myosin-9 OS=Homo sapiens OX=9606 GN=MYH9 PE=1 SV=4,1,1,1,1,226.4,MYH9,,,,,,,,,,,,,,,,,,,,,,,,,,,,,,,,,,,,,,,,
Medium,Master Protein,Q14498,RNA-binding protein 39 OS=Homo sapiens OX=9606 GN=RBM39 PE=1 SV=2,3,1,1,1,59.3,RBM39,,,,,,,,,,,,,,,,,,,,,,,,,,,,,,,,,,,,,,,,
Medium,Master Protein,Q9BYE4,Small proline-rich protein 2G OS=Homo sapiens OX=9606 GN=SPRR2G PE=3 SV=1,12,1,1,1,8.2,SPRR2G,,,,,,,,,,,,,,,,,,,,,,,,,,,,,,,,,,,,,,,,
High,Master Protein,P26599,Polypyrimidine tract-binding protein 1 OS=Homo sapiens OX=9606 GN=PTBP1 PE=1 SV=2,4,1,1,1,59.6,PTBP1,,,,,,,,,,,,,,,,,,,,,,,,,,,,,,,,,,,,,,,,
Medium,Master Protein,Q16280,Cyclic nucleotide-gated olfactory channel OS=Homo sapiens OX=9606 GN=CNGA2 PE=2 SV=2,4,1,1,1,76,CNGA2,,,,,,,,,,,,,,,,,,,,,,,,,,,,,,,,,,,,,,,,
Medium,Master Protein,Q15459,Splicing factor 3A subunit 1 OS=Homo sapiens OX=9606 GN=SF3A1 PE=1 SV=1,2,1,1,1,88.8,SF3A1,,,,,,,,,,,,,,,,,,,,,,,,,,,,,,,,,,,,,,,,
High,Master Protein,O43809,Cleavage and polyadenylation specificity factor subunit 5 OS=Homo sapiens OX=9606 GN=NUDT21 PE=1 SV=1,7,1,1,1,26.2,NUDT21,,,,,,,,,,,,,,,,,,,,,,,,,,,,,,,,,,,,,,,,
Medium,Master Protein,P38646,"Stress-70 protein, mitochondrial OS=Homo sapiens OX=9606 GN=HSPA9 PE=1 SV=2",2,1,1,1,73.6,HSPA9,,,,,,,,,,,,,,,,,,,,,,,,,,,,,,,,,,,,,,,,
High,Master Protein,Q15084,Protein disulfide-isomerase A6 OS=Homo sapiens OX=9606 GN=PDIA6 PE=1 SV=1,3,1,1,1,48.1,PDIA6,,,,,,,,,,,,,,,,,,,,,,,,,,,,,,,,,,,,,,,,
Medium,Master Protein,A6NH57,Putative ADP-ribosylation factor-like protein 5C OS=Homo sapiens OX=9606 GN=ARL5C PE=3 SV=4,9,1,1,1,20.6,ARL5C,,,,,,,,,,,,,,,,,,,,,,,,,,,,,,,,,,,,,,,,
Medium,Master Protein,P35606,Coatomer subunit beta' OS=Homo sapiens OX=9606 GN=COPB2 PE=1 SV=2,1,1,1,1,102.4,COPB2,,,,,,,,,,,,,,,,,,,,,,,,,,,,,,,,,,,,,,,,
Medium,Master Protein,P12268,Inosine-5'-monophosphate dehydrogenase 2 OS=Homo sapiens OX=9606 GN=IMPDH2 PE=1 SV=2,2,1,1,1,55.8,IMPDH2,,,,,,,,,,,,,,,,,,,,,,,,,,,,,,,,,,,,,,,,
High,Master Protein,P62826,GTP-binding nuclear protein Ran OS=Homo sapiens OX=9606 GN=RAN PE=1 SV=3,5,1,1,1,24.4,RAN,,,,,,,,,,,,,,,,,,,,,,,,,,,,,,,,,,,,,,,,
Medium,Master Protein,Q16630,Cleavage and polyadenylation specificity factor subunit 6 OS=Homo sapiens OX=9606 GN=CPSF6 PE=1 SV=2,3,1,1,1,59.2,CPSF6,,,,,,,,,,,,,,,,,,,,,,,,,,,,,,,,,,,,,,,,
High,Master Protein,Q9Y5B9,FACT complex subunit SPT16 OS=Homo sapiens OX=9606 GN=SUPT16H PE=1 SV=1,1,1,1,1,119.8,SUPT16H,,,,,,,,,,,,,,,,,,,,,,,,,,,,,,,,,,,,,,,,
High,Master Protein,Q7KZF4,Staphylococcal nuclease domain-containing protein 1 OS=Homo sapiens OX=9606 GN=SND1 PE=1 SV=1,2,1,1,1,101.9,SND1,,,,,,,,,,,,,,,,,,,,,,,,,,,,,,,,,,,,,,,,
High,Master Protein,Q14195,Dihydropyrimidinase-related protein 3 OS=Homo sapiens OX=9606 GN=DPYSL3 PE=1 SV=1,2,1,1,1,61.9,DPYSL3,,,,,,,,,,,,,,,,,,,,,,,,,,,,,,,,,,,,,,,,
,,,,,,,,,,,,,,,,,,,,,,,,,,,,,,,,,,,,,,,,,,,,,,,,,
,,,,,,,,,,,,,,,,,,,,,,,,,,,,,,,,,,,,,,,,,,,,,,,,,
,,,,,,,,,,,,,,,,,,,,,,,,,,,,,,,,,,,,,,,,,,,,,,,,,
High,Master Protein,P04264,"Keratin, type II cytoskeletal 1 OS=Homo sapiens OX=9606 GN=KRT1 PE=1 SV=6",49,38,915,33,66,KRT1,336890470.63,89499633.79,103372463.41,153726456.63,,,,,,,,,,,,,,,,,,,,,,,,,,,,,,,,,,,,
High,Master Protein,P13645,"Keratin, type I cytoskeletal 10 OS=Homo sapiens OX=9606 GN=KRT10 PE=1 SV=6",61,36,853,30,58.8,KRT10,313177538.32,51678479.26,59654000.97,167419222.29,,,,,,,,,,,,,,,,,,,,,,,,,,,,,,,,,,,,
High,Master Protein,P35908,"Keratin, type II cytoskeletal 2 epidermal OS=Homo sapiens OX=9606 GN=KRT2 PE=1 SV=2",73,44,686,34,65.4,KRT2,159868736.23,68274128.48,60241321.43,106590410.19,,,,,,,,,,,,,,,,,,,,,,,,,,,,,,,,,,,,
High,Master Protein,P35527,"Keratin, type I cytoskeletal 9 OS=Homo sapiens OX=9606 GN=KRT9 PE=1 SV=3",54,28,624,27,62,KRT9,122448649.03,23618035.47,29953283.09,30870682.05,,,,,,,,,,,,,,,,,,,,,,,,,,,,,,,,,,,,
High,Master Protein,P02533,"Keratin, type I cytoskeletal 14 OS=Homo sapiens OX=9606 GN=KRT14 PE=1 SV=4",54,23,489,8,51.5,KRT14,13074870.64,3382914.37,6725363.67,4107087.51,,,,,,,,,,,,,,,,,,,,,,,,,,,,,,,,,,,,
High,Master Protein,P08779,"Keratin, type I cytoskeletal 16 OS=Homo sapiens OX=9606 GN=KRT16 PE=1 SV=4",34,16,425,4,51.2,KRT16,1145466.00,384707.64,1498192.67,686361.29,,,,,,,,,,,,,,,,,,,,,,,,,,,,,,,,,,,,
High,Master Protein,P13647,"Keratin, type II cytoskeletal 5 OS=Homo sapiens OX=9606 GN=KRT5 PE=1 SV=3",46,29,280,17,62.3,KRT5,12227925.45,4866438.26,3718492.53,6098919.17,,,,,,,,,,,,,,,,,,,,,,,,,,,,,,,,,,,,
High,Master Protein,P04259,"Keratin, type II cytoskeletal 6B OS=Homo sapiens OX=9606 GN=KRT6B PE=1 SV=5",30,19,200,1,60,KRT6B,,,81265.10,,,,,,,,,,,,,,,,,,,,,,,,,,,,,,,,,,,,,
High,Master Protein,P02538,"Keratin, type II cytoskeletal 6A OS=Homo sapiens OX=9606 GN=KRT6A PE=1 SV=3",34,21,185,3,60,KRT6A,362859.83,54909.02,378764.29,600923.19,,,,,,,,,,,,,,,,,,,,,,,,,,,,,,,,,,,,
High,Master Protein,Q04695,"Keratin, type I cytoskeletal 17 OS=Homo sapiens OX=9606 GN=KRT17 PE=1 SV=2",26,11,172,2,48.1,KRT17,,,,69390.43,,,,,,,,,,,,,,,,,,,,,,,,,,,,,,,,,,,,
High,Master Protein,P13646,"Keratin, type I cytoskeletal 13 OS=Homo sapiens OX=9606 GN=KRT13 PE=1 SV=4",17,10,131,4,49.6,KRT13,448887.46,207887.13,,,,,,,,,,,,,,,,,,,,,,,,,,,,,,,,,,,,,,
High,Master Protein,Q7Z794,"Keratin, type II cytoskeletal 1b OS=Homo sapiens OX=9606 GN=KRT77 PE=1 SV=3",9,6,81,2,61.9,KRT77,40861.49,,,179151.16,,,,,,,,,,,,,,,,,,,,,,,,,,,,,,,,,,,,
High,Master Protein,Q86Y46,"Keratin, type II cytoskeletal 73 OS=Homo sapiens OX=9606 GN=KRT73 PE=1 SV=1",6,5,44,1,58.9,KRT73,182424.52,67631.69,,,,,,,,,,,,,,,,,,,,,,,,,,,,,,,,,,,,,,
High,Master Protein,Q5T749,Keratinocyte proline-rich protein OS=Homo sapiens OX=9606 GN=KPRP PE=1 SV=1,9,5,30,5,64.1,KPRP,250140.19,69578.12,336113.88,284960.52,,,,,,,,,,,,,,,,,,,,,,,,,,,,,,,,,,,,
High,Master Protein,Q8N1N4,"Keratin, type II cytoskeletal 78 OS=Homo sapiens OX=9606 GN=KRT78 PE=1 SV=2",9,5,30,3,56.8,KRT78,130726.88,,8352.80,249884.63,,,,,,,,,,,,,,,,,,,,,,,,,,,,,,,,,,,,
High,Master Protein,Q9NSB2,"Keratin, type II cuticular Hb4 OS=Homo sapiens OX=9606 GN=KRT84 PE=2 SV=2",5,4,19,1,64.8,KRT84,,,,145020.28,,,,,,,,,,,,,,,,,,,,,,,,,,,,,,,,,,,,
High,Master Protein,Q9NSB4,"Keratin, type II cuticular Hb2 OS=Homo sapiens OX=9606 GN=KRT82 PE=1 SV=3",4,1,2,1,56.6,KRT82,,,,44383.79,,,,,,,,,,,,,,,,,,,,,,,,,,,,,,,,,,,,
